usf0001_RCC_L1_MS_M.jpg,5,0,0,0,0.00001,0.00001,0.00001,0.0653,0.06504,0.06486,1,1,1
usf0004_RCC_L1_MS_M.jpg,5,0.19222,0.19223,0.19209,0.00008,0.00007,0.00007,0.12987,0.12837,0.12755,1,1,1
usf0006_RMLO_L1_MS_M.jpg,5,0,0,0,0.14242,0.14123,0.14071,0.71712,0.7148,0.71367,1,1,1
usf0007_RMLO_L1_CL_B.jpg,4,0,0,0,0,0,0,0.19456,0.19361,0.19301,1,1,1
usf0008_RCC_L2_CL_B.jpg,4,0.71395,0.71423,0.71429,0.02559,0.0228,0.02171,0.44733,0.44415,0.44287,1,1,1
usf0014_RCC_L1_MS_M.jpg,5,0.06337,0.06312,0.06287,0,0,0,0.00026,0.00022,0.0002,1,1,1
usf0015_RCC_L1_MS_M.jpg,5,0.47692,0.47725,0.47726,0.00016,0.0001,0.00007,0.49544,0.49446,0.49386,1,1,1
usf0015_RMLO_L1_MS_M.jpg,5,0.42529,0.42513,0.42494,0,0,0,0.03052,0.03028,0.03011,1,1,1
usf0017_LCC_L1_MS_M.jpg,4,0,0,0,0.00262,0.00243,0.00234,0.49462,0.49417,0.49386,1,1,1
usf0017_LMLO_L1_MS_M.jpg,4,0,0,0,0.00052,0.00048,0.00046,0.40359,0.40319,0.40287,1,1,1
usf0022_RMLO_L1_MS_M.jpg,5,1,1,1,0,0,0,0.12025,0.11944,0.11892,0.88299,0.88271,0.88272
usf0022_RMLO_L2_MS_M.jpg,5,0.19747,0.19786,0.19789,0,0,0,0.41382,0.41146,0.41018,1,1,1
usf0024_LCC_L1_MS_B.jpg,3,0,0,0,0,0,0,0.01776,0.01755,0.01741,1,1,1
usf0024_LMLO_L1_MS_M.jpg,5,0.16637,0.16613,0.16589,0,0,0,0,0,0,1,1,1
usf0024_LMLO_L2_MS_B.jpg,5,0,0,0,0.00001,0.00001,0.00001,0.05945,0.05911,0.05888,1,1,1
usf0024_RMLO_L1_MS_B.jpg,3,0,0,0,0,0,0,0,0,0,1,1,1
usf0026_LCC_L1_CL_M.jpg,4,0,0,0,0.02274,0.02104,0.0203,0.34281,0.34073,0.33974,1,1,1
usf0027_LMLO_L1_MS_M.jpg,5,0,0,0,0,0,0,0.19658,0.19543,0.19478,1,1,1
usf0034_RCC_L1_MS_M.jpg,5,0,0,0,0.08484,0.08432,0.08405,0.24882,0.24792,0.24742,1,1,1
usf0036_RCC_L1_CL_M.jpg,4,0.21356,0.21337,0.21314,0.00357,0.00352,0.00348,0.11607,0.11558,0.11526,1,1,1
usf0036_RMLO_L1_CL_M.jpg,4,0,0,0,0.0487,0.04828,0.04793,0.39644,0.3958,0.39541,1,1,1
usf0038_LCC_L1_MS_B.jpg,4,0,0,0,0,0,0,0,0,0,1,1,1
usf0038_LMLO_L1_MS_B.jpg,4,0,0,0,0,0,0,0,0,0,1,1,1
usf0038_LMLO_L2_CL_M.jpg,4,0,0,0,0,0,0,0.22153,0.22103,0.22068,1,1,1
usf0040_LMLO_L1_MS_M.jpg,3,0,0,0,0.02901,0.02844,0.02819,0.42517,0.42421,0.42375,1,1,1
usf0043_RCC_L1_MS_M.jpg,5,0,0,0,0.00895,0.00813,0.00778,0.44938,0.4469,0.44564,1,1,1
usf0045_RCC_L1_CL_M.jpg,5,0,0,0,0,0,0,0.01061,0.01045,0.01034,1,1,1
usf0057_RCC_L1_CL_M.jpg,4,0,0,0,0,0,0,0,0,0,1,1,1
usf0060_RCC_L1_MS_B.jpg,3,0,0,0,0,0,0,0.04157,0.04057,0.04,1,1,1
usf0060_RMLO_L1_MS_B.jpg,3,0,0,0,0,0,0,0.03122,0.03084,0.03058,1,1,1
usf0061_RMLO_L1_MS_M.jpg,5,0,0,0,0.00342,0.00319,0.00306,1,1,1,0.88815,0.88804,0.8879
usf0062_LMLO_L1_MS_M.jpg,4,0,0,0,0,0,0,0,0,0,1,1,1
usf0063_RMLO_L2_CL_M.jpg,5,0.11558,0.11533,0.11508,0,0,0,0,0,0,1,1,1
usf0067_LMLO_L1_MS_M.jpg,4,0.06226,0.06201,0.06176,0,0,0,0.00022,0.00017,0.00015,1,1,1
usf0068_RCC_L2_MS_M.jpg,5,0,0,0,0,0,0,0.03303,0.03286,0.03274,1,1,1
usf0068_RMLO_L1_CL_M.jpg,5,0,0,0,0,0,0,0.83917,0.83841,0.83806,1,1,1
usf0069_RMLO_L1_MS_M.jpg,5,0,0,0,0.04658,0.04632,0.04609,0.13829,0.13766,0.13724,1,1,1
usf0074_LCC_L1_MS_M.jpg,5,0,0,0,0.05806,0.05766,0.05735,0.32114,0.31999,0.31938,1,1,1
usf0074_LMLO_L1_MS_M.jpg,5,0,0,0,0.02715,0.02702,0.02691,0.25587,0.2553,0.25488,1,1,1
usf0075_LCC_L1_MS_M.jpg,5,0,0,0,0,0,0,0.05772,0.05731,0.05706,1,1,1
usf0078_LCC_L5_CL_M.jpg,5,0,0,0,0.27242,0.27081,0.27007,0.54045,0.53824,0.53723,1,1,1
usf0080_LMLO_L1_MS_M.jpg,4,0,0,0,0,0,0,0,0,0,1,1,1
usf0086_RMLO_L1_MS_M.jpg,5,0,0,0,0.00437,0.0042,0.0041,0.31643,0.31486,0.31406,1,1,1
usf0087_LCC_L2_CL_M.jpg,5,0,0,0,0.15733,0.15718,0.15701,0.23568,0.23488,0.23435,1,1,1
usf0091_LCC_L1_MS_M.jpg,5,0.51293,0.51356,0.51384,0,0,0,0.2101,0.20858,0.20761,1,1,1
usf0092_RCC_L1_CL_M.jpg,5,0.1463,0.14605,0.14581,0,0,0,0,0,0,1,1,1
usf0096_RMLO_L1_CL_M.jpg,5,0,0,0,0,0,0,0.19955,0.19595,0.19399,1,1,1
usf0098_RCC_L1_MS_M.jpg,4,0.4258,0.42559,0.42538,0.00078,0.0007,0.00066,0.07174,0.07148,0.07129,1,1,1
usf0100_RMLO_L1_MS_M.jpg,5,0,0,0,0.00874,0.00855,0.00846,0.24089,0.23941,0.23858,1,1,1
usf0101_RMLO_L1_MS_M.jpg,5,0.06788,0.06763,0.06738,0,0,0,0,0,0,1,1,1
usf0102_LCC_L1_MS_B.jpg,3,0.39622,0.39787,0.39866,0,0,0,0.29982,0.29645,0.2946,1,1,1
usf0104_LCC_L1_MS_M.jpg,5,0.52171,0.52152,0.52134,0,0,0,0,0,0,1,1,1
usf0105_RMLO_L1_MS_M.jpg,4,0,0,0,0,0,0,1,1,1,0.74923,0.74823,0.74775
usf0106_LMLO_L1_CL_M.jpg,4,0,0,0,0,0,0,0,0,0,1,1,1
usf0107_LMLO_L1_MS_M.jpg,5,0.53681,0.53735,0.53754,0,0,0,0.19831,0.19715,0.19651,1,1,1
usf0110_RCC_L1_MS_M.jpg,5,0.24418,0.24403,0.24378,0.18325,0.18302,0.18282,0.26035,0.25942,0.25886,1,1,1
usf0113_LCC_L1_MS_M.jpg,5,0.51285,0.5132,0.51321,0.08536,0.08504,0.08487,0.53,0.52893,0.52836,1,1,1
usf0115_RMLO_L1_MS_M.jpg,5,0.31853,0.31838,0.31818,0,0,0,0.00788,0.0076,0.00744,1,1,1
usf0118_LMLO_L1_MS_M.jpg,5,0,0,0,0.01644,0.01611,0.01595,0.33065,0.32984,0.32939,1,1,1
usf0119_LMLO_L1_MS_M.jpg,4,0,0,0,0.26104,0.2606,0.26034,1,1,1,0.00867,0.00817,0.00784
usf0124_LMLO_L1_MS_M.jpg,4,0,0,0,0,0,0,0,0,0,1,1,1
usf0125_RCC_L1_MS_M.jpg,4,0.74035,0.74039,0.74033,0.01078,0.01067,0.01058,0.23458,0.23393,0.23339,1,1,1
usf0125_RMLO_L1_MS_M.jpg,4,0.5632,0.56331,0.56326,0,0,0,0.30721,0.30642,0.30585,1,1,1
usf0126_RMLO_L1_CL_M.jpg,4,0.13587,0.13563,0.13538,0,0,0,0,0,0,1,1,1
usf0128_RMLO_L1_MS_M.jpg,5,0,0,0,0,0,0,0.04043,0.03936,0.03875,1,1,1
usf0132_LCC_L1_CL_M.jpg,4,0,0,0,0,0,0,0.00828,0.00785,0.0076,1,1,1
usf0135_LCC_L1_MS_M.jpg,4,0.87496,0.88377,0.88827,0,0,0,1,1,1,0.93824,0.93755,0.93717
usf0135_LMLO_L1_MS_M.jpg,4,0.08649,0.08648,0.08631,0,0,0,1,1,1,0.45446,0.45195,0.45047
usf0140_RMLO_L1_MS_M.jpg,4,0,0,0,0,0,0,0.02471,0.02255,0.02149,1,1,1
usf0142_LMLO_L1_MS_M.jpg,3,0,0,0,0,0,0,0.06656,0.06588,0.06542,1,1,1
usf0143_RMLO_L1_MS_M.jpg,5,0,0,0,0,0,0,0.0866,0.0831,0.08123,1,1,1
usf0145_RCC_L1_MS_B.jpg,4,0,0,0,0.14157,0.13469,0.13239,0.4468,0.43948,0.4369,1,1,1
usf0146_LMLO_L2_MS_M.jpg,5,0.18858,0.18834,0.18809,0,0,0,0,0,0,1,1,1
usf0148_LMLO_L1_MS_M.jpg,4,0,0,0,0.00365,0.00309,0.00284,0.73255,0.73139,0.73073,1,1,1
usf0149_RCC_L1_MS_M.jpg,4,0,0,0,0.33709,0.33513,0.33447,0.68374,0.6816,0.68086,1,1,1
usf0149_RMLO_L1_MS_M.jpg,4,0,0,0,0.00025,0.00018,0.00016,0.29439,0.29301,0.29221,1,1,1
usf0150_LCC_L2_CL_M.jpg,4,0,0,0,0,0,0,0.16741,0.16581,0.16488,1,1,1
usf0151_RCC_L1_CL_M.jpg,4,0.37591,0.37762,0.37845,0,0,0,1,1,1,0.45229,0.44896,0.4469
usf0153_LCC_L1_MS_M.jpg,4,0.47452,0.47441,0.47425,0,0,0,0.01156,0.0113,0.01115,1,1,1
usf0154_RCC_L1_MS_M.jpg,4,0.11465,0.11441,0.11414,0.03242,0.03208,0.03192,0.21284,0.21187,0.21127,1,1,1
usf0155_RCC_L1_MS_M.jpg,5,0,0,0,0.00772,0.00602,0.00545,0.69951,0.69739,0.69652,1,1,1
usf0156_RMLO_L1_MS_M.jpg,5,0,0,0,0,0,0,0.3345,0.32984,0.32722,1,1,1
usf0157_LMLO_L1_MS_M.jpg,4,0,0,0,0.14284,0.14186,0.14155,1,1,1,0.86377,0.86469,0.86492
usf0157_LMLO_L2_MS_M.jpg,4,0,0,0,0.00001,0.00001,0.00001,0.26556,0.26406,0.2631,1,1,1
usf0164_LMLO_L1_MS_M.jpg,4,0,0,0,0,0,0,0,0,0,1,1,1
usf0165_LCC_L1_MS_M.jpg,5,0,0,0,0.00019,0.00013,0.00011,1,1,1,0.68356,0.67878,0.67602
usf0167_RMLO_L1_CL_M.jpg,5,0,0,0,0.06996,0.06731,0.06635,1,1,1,0.01653,0.01629,0.01614
usf0168_RCC_L1_MS_M.jpg,4,0,0,0,0.34365,0.3334,0.32947,0.61368,0.60269,0.59824,1,1,1
usf0169_RMLO_L1_CL_M.jpg,4,0,0,0,0,0,0,1,1,1,0.71042,0.70786,0.70658
usf0171_RCC_L1_CL_M.jpg,4,0.59249,0.59235,0.5922,0,0,0,0.00012,0.00008,0.00006,1,1,1
usf0171_RMLO_L1_CL_M.jpg,4,0,0,0,0,0,0,0.48241,0.47948,0.47787,1,1,1
usf0174_RCC_L2_MS_M.jpg,4,0,0,0,0,0,0,0.16071,0.1534,0.14916,1,1,1
usf0174_RMLO_L3_MS_M.jpg,4,0,0,0,0.05579,0.05446,0.05382,0.7769,0.77521,0.77441,1,1,1
usf0175_LMLO_L1_MS_M.jpg,5,0,0,0,0,0,0,0.18049,0.17765,0.17592,1,1,1
usf0177_LCC_L1_MS_M.jpg,4,0,0,0,0,0,0,0.12954,0.12763,0.1265,1,1,1
usf0177_LMLO_L1_MS_M.jpg,4,0,0,0,0,0,0,0.06931,0.06847,0.06793,1,1,1
usf0181_RCC_L1_MS_M.jpg,5,0,0,0,0,0,0,0.13558,0.13288,0.13139,1,1,1
usf0181_RMLO_L1_MS_M.jpg,5,0,0,0,0,0,0,0.53158,0.52562,0.52185,1,1,1
usf0183_RCC_L1_MS_M.jpg,3,0.27365,0.27348,0.27328,0,0,0,0.04134,0.04096,0.0407,1,1,1
usf0183_RMLO_L1_MS_M.jpg,4,0,0,0,0.45084,0.44989,0.44957,0.59774,0.59543,0.5944,1,1,1
usf0185_LMLO_L1_MS_M.jpg,5,0.01546,0.0152,0.01494,0,0,0,0.04557,0.0451,0.0448,1,1,1
usf0186_LMLO_L1_MS_B.jpg,4,0,0,0,0,0,0,1,1,1,0.68689,0.68586,0.68528
usf0187_LMLO_L1_MS_M.jpg,5,0,0,0,0,0,0,0.20039,0.19827,0.19705,1,1,1
usf0190_RMLO_L1_CL_M.jpg,5,0,0,0,0,0,0,0,0,0,1,1,1
usf0191_LMLO_L1_MS_M.jpg,5,0,0,0,0,0,0,0.70808,0.70377,0.70126,1,1,1
usf0194_RCC_L1_CL_M.jpg,5,0,0,0,0,0,0,0.60394,0.60312,0.60258,1,1,1
usf0195_RMLO_L1_MS_M.jpg,5,0.56007,0.55964,0.5592,0,0,0,0,0,0,1,1,1
usf0196_LMLO_L1_MS_M.jpg,5,0,0,0,0,0,0,1,1,1,0.65685,0.65497,0.65375
usf0199_LCC_L1_CL_M.jpg,5,0.27728,0.27706,0.27683,0,0,0,0.08864,0.08833,0.08809,1,1,1
usf0204_LMLO_L1_MS_M.jpg,5,0,0,0,0,0,0,0.35298,0.35217,0.35162,1,1,1
usf0205_LMLO_L1_MS_M.jpg,4,0,0,0,0,0,0,0.00778,0.00724,0.00692,1,1,1
usf0206_LCC_L1_MS_M.jpg,4,0,0,0,0.09018,0.08274,0.08041,0.69373,0.68465,0.6813,1,1,1
usf0210_LCC_L1_MS_M.jpg,4,0,0,0,0.00002,0.00002,0.00001,0.06878,0.06857,0.06839,1,1,1
usf0210_LMLO_L1_MS_M.jpg,4,0,0,0,0,0,0,0.00004,0.00003,0.00003,1,1,1
usf0212_RCC_L1_MS_M.jpg,4,0.9587,0.96556,0.96944,0,0,0,0.28596,0.28093,0.27811,1,1,1
usf0216_LMLO_L1_MS_M.jpg,4,0,0,0,0,0,0,0.02101,0.01977,0.01903,1,1,1
usf0220_LCC_L1_CL_M.jpg,5,0.16606,0.16588,0.16566,0,0,0,0.18117,0.18044,0.17997,1,1,1
usf0223_RMLO_L1_MS_B.jpg,3,0,0,0,0,0,0,0.29104,0.29014,0.28954,1,1,1
usf0223_RMLO_L2_CL_M.jpg,3,0,0,0,0.01326,0.01207,0.01159,1,1,1,0.64992,0.65012,0.65012
usf0229_LCC_L1_MS_B.jpg,3,0.39749,0.39767,0.39766,0,0,0,0.20277,0.20155,0.20073,1,1,1
usf0229_LCC_L2_MS_M.jpg,3,0,0,0,0,0,0,0.34112,0.33848,0.33676,1,1,1
usf0229_RCC_L1_MS_B.jpg,3,0,0,0,0.00181,0.00177,0.00174,0.19555,0.19312,0.19168,1,1,1
usf0230_RCC_L1_MS_M.jpg,5,0,0,0,0.00456,0.00411,0.00394,0.33829,0.33667,0.33579,1,1,1
usf0230_RMLO_L1_MS_M.jpg,5,0,0,0,0,0,0,1,1,1,0.09303,0.08914,0.08677
usf0231_LCC_L1_CL_B.jpg,4,0,0,0,0,0,0,0.01887,0.01843,0.01817,1,1,1
usf0231_LMLO_L1_CL_B.jpg,4,0,0,0,0,0,0,0.07688,0.07615,0.07569,1,1,1
usf0232_RMLO_L1_CL_M.jpg,5,0,0,0,0.04565,0.04511,0.04484,0.56964,0.5675,0.56613,1,1,1
usf0234_RCC_L1_MS_B.jpg,4,0,0,0,0.27163,0.27031,0.26981,1,1,1,0.87448,0.87592,0.87629
usf0236_RCC_L2_CL_B.jpg,4,0,0,0,0,0,0,0,0,0,1,1,1
usf0236_RCC_L3_CL_B.jpg,4,0,0,0,0,0,0,0.00034,0.00022,0.00017,1,1,1
usf0251_RMLO_L1_MS_B.jpg,4,0.17382,0.1736,0.17333,0.00029,0.00025,0.00023,0.27268,0.27217,0.27188,1,1,1
usf0257_LMLO_L1_CL_B.jpg,3,0.04472,0.0445,0.04426,0,0,0,0.1012,0.09981,0.09894,1,1,1
usf0270_RCC_L1_MS_B.jpg,3,0.33559,0.33578,0.33574,0.08769,0.08751,0.08738,0.27235,0.27096,0.27019,1,1,1
usf0271_LCC_L1_CL_B.jpg,4,0,0,0,0.00011,0.00007,0.00006,0.22321,0.22225,0.22167,1,1,1
usf0272_LCC_L2_MS_B.jpg,4,0,0,0,0.00018,0.00012,0.00011,0.24244,0.24133,0.24057,1,1,1
usf0272_LMLO_L1_CL_B.jpg,4,0,0,0,0.00002,0.00001,0.00001,0.60797,0.60741,0.60704,1,1,1
usf0273_LCC_L1_MS_B.jpg,4,0,0,0,0,0,0,0.16727,0.16621,0.16557,1,1,1
usf0274_LCC_L1_MS_B.jpg,3,0.13464,0.1344,0.13415,0,0,0,0.00014,0.00012,0.0001,1,1,1
usf0277_LCC_L1_MS_B.jpg,3,0,0,0,0.00451,0.00359,0.00326,0.44155,0.43946,0.43843,1,1,1
usf0278_RCC_L1_MS_B.jpg,4,0,0,0,0,0,0,0.13787,0.13534,0.13391,1,1,1
usf0281_LMLO_L1_CL_B.jpg,4,0,0,0,0,0,0,0.07536,0.0709,0.06871,1,1,1
usf0282_LCC_L1_MS_B.jpg,4,0,0,0,0.0012,0.00082,0.00069,1,1,1,0.21653,0.21618,0.21592
usf0285_RMLO_L1_CL_B.jpg,4,0,0,0,0,0,0,0,0,0,1,1,1
usf0289_LMLO_L1_MS_B.jpg,4,0,0,0,0,0,0,1,1,1,0.97046,0.97047,0.97049
usf0300_LMLO_L1_CL_B.jpg,4,0,0,0,0,0,0,0.6675,0.66695,0.66655,1,1,1
usf0303_LMLO_L1_MS_B.jpg,3,0,0,0,0,0,0,0.01825,0.01788,0.01764,1,1,1
usf0304_RCC_L2_CL_B.jpg,3,0,0,0,0,0,0,0.00049,0.00036,0.00029,1,1,1
usf0305_RCC_L1_MS_B.jpg,4,0,0,0,0,0,0,0.00723,0.00613,0.00561,1,1,1
usf0306_RCC_L2_MS_B.jpg,4,0.40333,0.40392,0.40409,0.00124,0.00118,0.00115,0.5528,0.55168,0.55105,1,1,1
usf0307_RCC_L2_CL_B.jpg,4,0,0,0,0,0,0,0.02823,0.02772,0.02743,1,1,1
usf0307_RMLO_L3_MS_B.jpg,4,0.33191,0.33466,0.33587,0,0,0,0.55809,0.5541,0.55215,1,1,1
usf0308_RMLO_L1_MS_B.jpg,3,0,0,0,0.11919,0.11686,0.116,1,1,1,0.0437,0.04318,0.04285
usf0310_LCC_L1_CL_B.jpg,4,0,0,0,0,0,0,0.00089,0.00074,0.00065,1,1,1
usf0310_LMLO_L1_CL_B.jpg,4,0,0,0,0,0,0,0.01024,0.00973,0.00942,1,1,1
usf0311_RCC_L1_MS_B.jpg,3,0,0,0,0,0,0,1,1,1,0.98426,0.98434,0.98441
usf0311_RMLO_L1_MS_B.jpg,3,0,0,0,0.00042,0.00031,0.00027,1,1,1,0.93568,0.93587,0.936
usf0314_RCC_L1_MS_B.jpg,3,0,0,0,0,0,0,0.01159,0.01113,0.01086,1,1,1
usf0316_RCC_L1_MS_B.jpg,3,0,0,0,0,0,0,0.20653,0.20515,0.20427,1,1,1
usf0316_RMLO_L1_MS_B.jpg,3,0,0,0,0,0,0,0.08074,0.08027,0.07996,1,1,1
usf0317_LCC_L1_CL_B.jpg,4,0.33266,0.33545,0.33674,0,0,0,1,1,1,0.35051,0.34421,0.34085
usf0318_LCC_L1_MS_B.jpg,3,0,0,0,0,0,0,0.00666,0.00607,0.00579,1,1,1
usf0320_LCC_L1_CL_B.jpg,4,0,0,0,0,0,0,1,1,1,0.90818,0.90814,0.90816
usf0321_RCC_L1_MS_B.jpg,3,0,0,0,0,0,0,0.01357,0.01328,0.01311,1,1,1
usf0324_RCC_L1_MS_B.jpg,3,0.15491,0.15471,0.15445,0,0,0,0.27616,0.27534,0.27481,1,1,1
usf0326_LMLO_L1_MS_B.jpg,3,0.0787,0.07847,0.07822,0,0,0,0.03178,0.03131,0.031,1,1,1
usf0327_RCC_L1_MS_B.jpg,3,0,0,0,0.00449,0.00347,0.00312,0.3529,0.35152,0.35089,1,1,1
usf0327_RMLO_L1_MS_B.jpg,3,0,0,0,0,0,0,0.13998,0.1394,0.13898,1,1,1
usf0329_RCC_L2_MS_B.jpg,2,0,0,0,0.34428,0.33221,0.32849,0.94569,0.93338,0.92958,1,1,1
usf0329_RMLO_L2_MS_B.jpg,2,0.31643,0.31622,0.31599,0,0,0,0.04745,0.04723,0.04708,1,1,1
usf0331_LCC_L1_MS_B.jpg,3,0,0,0,0.00056,0.0004,0.00034,1,1,1,0.44379,0.43967,0.43739
usf0331_RCC_L1_MS_B.jpg,3,0,0,0,0,0,0,1,1,1,0.07929,0.0752,0.07292
usf0332_LCC_L1_MS_B.jpg,3,0,0,0,0,0,0,0.12489,0.12062,0.11834,1,1,1
usf0333_RMLO_L1_MS_B.jpg,4,0,0,0,0,0,0,1,1,1,0.46495,0.46354,0.46275
usf0334_RMLO_L1_MS_B.jpg,4,0,0,0,0,0,0,0,0,0,1,1,1
usf0335_LCC_L1_CL_B.jpg,4,0.15149,0.15161,0.15153,0,0,0,0.29786,0.29555,0.29417,1,1,1
usf0335_LMLO_L1_CL_B.jpg,4,0,0,0,0,0,0,0.1146,0.11402,0.11363,1,1,1
usf0337_RMLO_L1_MS_B.jpg,3,0,0,0,0,0,0,0.27129,0.26955,0.26857,1,1,1
usf0344_LMLO_L2_CL_M.jpg,5,0.55004,0.54986,0.54969,0,0,0,0,0,0,1,1,1
usf0358_LCC_L1_MS_M.jpg,5,0.54951,0.55,0.55016,0,0,0,0.99697,0.99719,0.99742,1,1,1
usf0358_LMLO_L1_MS_M.jpg,5,0,0,0,0,0,0,1,1,1,0.73679,0.73609,0.73571
usf0362_LCC_L1_MS_B.jpg,4,0.43431,0.43411,0.43391,0,0,0,0,0,0,1,1,1
usf0362_LMLO_L1_MS_B.jpg,4,0.08362,0.08335,0.08305,0,0,0,0.337,0.33644,0.3361,1,1,1
usf0364_LCC_L1_MS_B.jpg,3,0.54048,0.5403,0.54012,0,0,0,0,0,0,1,1,1
usf0364_LCC_L2_MS_B.jpg,3,0.22954,0.2293,0.22906,0,0,0,0,0,0,1,1,1
usf0364_LCC_L3_MS_B.jpg,3,0,0,0,0,0,0,0.00002,0.00002,0.00001,1,1,1
usf0364_LMLO_L2_MS_B.jpg,2,0.0577,0.05745,0.0572,0,0,0,0,0,0,1,1,1
usf0364_LMLO_L3_MS_B.jpg,2,0,0,0,0,0,0,0.02772,0.02739,0.02718,1,1,1
usf0368_LCC_L1_CL_B.jpg,4,0.26329,0.26325,0.26309,0,0,0,0.23463,0.23355,0.2328,1,1,1
usf0370_RCC_L1_MS_B.jpg,3,0,0,0,0.00004,0.00003,0.00002,0.7308,0.73051,0.7303,1,1,1
usf0374_RCC_L1_MS_B.jpg,3,0.07233,0.07211,0.07183,0,0,0,0.31672,0.31553,0.31482,1,1,1
usf0374_RCC_L2_MS_B.jpg,3,0.18775,0.18968,0.19058,0,0,0,0.45638,0.44972,0.44603,1,1,1
usf0374_RMLO_L1_MS_B.jpg,3,0,0,0,0,0,0,1,1,1,0.07656,0.07427,0.07305
usf0377_RCC_L1_MS_B.jpg,4,0,0,0,0,0,0,0.0381,0.03782,0.03761,1,1,1
usf0380_LMLO_L1_MS_B.jpg,3,0,0,0,0,0,0,0,0,0,1,1,1
usf0382_RCC_L1_MS_B.jpg,3,0,0,0,0,0,0,0.23314,0.23186,0.23109,1,1,1
usf0383_RCC_L1_MS_B.jpg,4,0.38806,0.38795,0.38777,0,0,0,0.0368,0.03641,0.03616,1,1,1
usf0384_RCC_L2_MS_B.jpg,3,0,0,0,0,0,0,0.49135,0.49096,0.49066,1,1,1
usf0384_RMLO_L1_MS_B.jpg,3,0,0,0,0,0,0,0.07432,0.07163,0.07009,1,1,1
usf0386_LCC_L1_MS_B.jpg,3,0,0,0,0,0,0,1,1,1,0.16933,0.16701,0.16558
usf0386_RCC_L1_MS_B.jpg,3,0.52871,0.53021,0.53094,0,0,0,0.35956,0.35722,0.35579,1,1,1
usf0386_RCC_L2_MS_B.jpg,3,0,0,0,0,0,0,1,1,1,0.59744,0.59678,0.59639
usf0386_RMLO_L1_MS_B.jpg,3,0,0,0,0,0,0,0.00019,0.00014,0.00012,1,1,1
usf0389_LCC_L1_MS_B.jpg,3,0.26726,0.26744,0.26739,0,0,0,0.31948,0.31808,0.31728,1,1,1
usf0389_LMLO_L1_MS_B.jpg,3,0.08659,0.08642,0.08621,0,0,0,0.00634,0.00543,0.00496,1,1,1
usf0389_LMLO_L2_MS_B.jpg,3,0.33587,0.33614,0.33619,0,0,0,0.01101,0.00954,0.00874,1,1,1
usf0390_LCC_L1_CL_B.jpg,4,0,0,0,0,0,0,0.01124,0.01107,0.01095,1,1,1
usf0390_RCC_L1_MS_B.jpg,4,0,0,0,0,0,0,1,1,1,0.99571,0.9958,0.99591
usf0393_RMLO_L1_MS_B.jpg,4,0.3427,0.3438,0.3443,0,0,0,1,1,1,0.57075,0.56848,0.56696
usf0395_LMLO_L1_MS_B.jpg,3,0,0,0,0,0,0,0.91311,0.91299,0.91289,1,1,1
usf0397_LMLO_L1_CL_B.jpg,4,0,0,0,0,0,0,0.33965,0.33427,0.33106,1,1,1
usf0399_RMLO_L1_MS_B.jpg,4,0,0,0,0.04133,0.04079,0.04056,0.48793,0.48679,0.48628,1,1,1
usf0400_LCC_L1_CL_B.jpg,4,0,0,0,0,0,0,0.0157,0.0155,0.01536,1,1,1
usf0404_RCC_L1_MS_B.jpg,3,0,0,0,0.0034,0.00262,0.00235,0.7323,0.72985,0.72848,1,1,1
usf0405_LCC_L1_CL_B.jpg,4,0,0,0,0,0,0,1,1,1,0.4213,0.41882,0.41741
usf0405_LMLO_L1_CL_B.jpg,4,0,0,0,0,0,0,0.24134,0.24082,0.24041,1,1,1
usf0406_LCC_L1_CL_B.jpg,4,0.17186,0.17162,0.17137,0,0,0,0.00001,0.00001,0.00001,1,1,1
usf0406_LMLO_L1_CL_B.jpg,4,0,0,0,0,0,0,0.4541,0.45184,0.45055,1,1,1
usf0408_LCC_L1_CL_B.jpg,4,0,0,0,0,0,0,1,1,1,0.36294,0.36049,0.35918
usf0408_LMLO_L1_CL_B.jpg,4,0,0,0,0,0,0,1,1,1,0.39295,0.3885,0.3859
usf0412_RMLO_L1_CL_B.jpg,3,0,0,0,0,0,0,0.29893,0.29811,0.29756,1,1,1
usf0413_RMLO_L1_CL_B.jpg,4,0,0,0,0,0,0,0.36198,0.36074,0.35988,1,1,1
usf0418_LCC_L1_MS_B.jpg,3,0.74626,0.74656,0.74665,0,0,0,1,1,1,0.47544,0.47474,0.47419
usf0418_RMLO_L1_MS_M.jpg,5,0.38512,0.38518,0.3851,0,0,0,0.13707,0.13632,0.13587,1,1,1
usf0458_RCC_L1_CL_M.jpg,4,0,0,0,0.00111,0.00102,0.00099,0.28726,0.28622,0.28563,1,1,1
usf0474_RMLO_L1_MS_B.jpg,4,0,0,0,0.01349,0.01302,0.0128,0.46761,0.46664,0.46612,1,1,1
usf0477_LMLO_L1_CL_B.jpg,4,0,0,0,0,0,0,0.96529,0.96513,0.96498,1,1,1
usf0479_RCC_L1_MS_B.jpg,3,0,0,0,0,0,0,0.00004,0.00003,0.00003,1,1,1
usf0480_LCC_L2_CL_B.jpg,3,0.11826,0.11802,0.11771,0,0,0,1,1,1,0.75637,0.75589,0.75556
usf0482_LCC_L1_CL_B.jpg,4,0.11411,0.11367,0.11322,0,0,0,0.97364,0.97356,0.97347,1,1,1
usf0483_LCC_L1_CL_B.jpg,4,0.09837,0.09815,0.09782,0,0,0,0.6822,0.68151,0.68115,1,1,1
usf0487_LMLO_L1_CL_B.jpg,3,0,0,0,0.04146,0.03817,0.03721,1,1,1,0.90191,0.9049,0.90575
usf0489_LMLO_L1_MS_B.jpg,3,0.01062,0.01037,0.01012,0,0,0,0.00005,0.00004,0.00004,1,1,1
usf0490_RMLO_L1_CL_B.jpg,4,0.06947,0.0692,0.06892,0.00008,0.00006,0.00006,0.17639,0.17589,0.17556,1,1,1
usf0494_LCC_L1_MS_B.jpg,3,0.03819,0.03786,0.03752,0,0,0,0.39536,0.3948,0.39436,1,1,1
usf0495_LCC_L1_CL_B.jpg,4,0.30598,0.30631,0.30637,0,0,0,0.60046,0.59969,0.59927,1,1,1
usf0502_LCC_L1_CL_B.jpg,3,0.05669,0.05689,0.05685,0,0,0,0.1895,0.18184,0.17758,1,1,1
usf0503_LCC_L1_CL_B.jpg,3,0,0,0,0,0,0,0.49491,0.4915,0.48945,1,1,1
usf0504_LCC_L1_MS_B.jpg,3,0,0,0,0,0,0,0.85308,0.85117,0.85009,1,1,1
usf0507_LCC_L1_MS_B.jpg,3,0.00838,0.00808,0.00777,0,0,0,1,1,1,0.25332,0.25088,0.24929
usf0507_RCC_L1_MS_B.jpg,3,0.46042,0.46111,0.46137,0,0,0,0.12093,0.11902,0.1179,1,1,1
usf0511_LMLO_L1_CL_B.jpg,4,0,0,0,0,0,0,1,1,1,0.4843,0.48249,0.48134
usf1111_RCC_L1_MS_M.jpg,4,0,0,0,0,0,0,0.05552,0.05497,0.05459,1,1,1
usf1113_RMLO_L1_CL_M.jpg,4,0.10407,0.10223,0.10083,0.09191,0.08986,0.08825,0.11806,0.11749,0.11703,1,1,1
usf1114_LMLO_L1_MS_M.jpg,4,0.32794,0.32774,0.32755,0,0,0,0,0,0,1,1,1
usf1118_RMLO_L1_MS_M.jpg,4,0.00001,0.00001,0,0.00907,0.00898,0.00891,0.38504,0.38381,0.38297,1,1,1
usf1122_LCC_L1_MS_M.jpg,5,0.0264,0.0257,0.02518,0.09491,0.09392,0.09315,0.44503,0.44393,0.44308,1,1,1
usf1124_LCC_L1_CL_M.jpg,4,0,0,0,0,0,0,0.02777,0.02671,0.02593,1,1,1
usf1125_LMLO_L1_CL_M.jpg,4,0.01327,0.01298,0.01276,0.02982,0.02942,0.02912,0.12071,0.12016,0.11972,1,1,1
usf1134_RMLO_L1_MS_M.jpg,4,0,0,0,0,0,0,0.00001,0.00001,0.00001,1,1,1
usf1135_LCC_L1_MS_M.jpg,4,0,0,0,0.00038,0.00035,0.00034,0.08217,0.08168,0.08134,1,1,1
usf1138_RMLO_L1_MS_M.jpg,4,0,0,0,0,0,0,0.0281,0.02769,0.02739,1,1,1
usf1139_LMLO_L1_MS_M.jpg,4,0,0,0,0,0,0,0.00071,0.00058,0.0005,1,1,1
usf1140_LCC_L1_MS_M.jpg,5,0.00002,0.00001,0.00001,0.00261,0.00258,0.00255,0.02861,0.02847,0.02836,1,1,1
usf1141_RCC_L1_CL_M.jpg,4,0.00815,0.00775,0.00746,0.05805,0.05745,0.05699,0.19484,0.19416,0.19366,1,1,1
usf1144_RMLO_L1_MS_M.jpg,4,0,0,0,0,0,0,0.7488,0.74746,0.74659,1,1,1
usf1145_LCC_L1_CL_M.jpg,4,0.16348,0.16239,0.16153,0.22129,0.22002,0.21906,0.30559,0.30426,0.30323,1,1,1
usf1145_LMLO_L1_CL_M.jpg,4,0.00058,0.0005,0.00045,0.15923,0.15821,0.1574,0.2963,0.29505,0.29411,1,1,1
usf1146_LCC_L1_CL_M.jpg,4,0,0,0,0,0,0,0.00332,0.00314,0.00301,1,1,1
usf1148_LCC_L1_CL_M.jpg,4,1,1,1,0.00527,0.00511,0.00494,0.55389,0.55161,0.54988,0.86932,0.86714,0.8655
usf1150_RMLO_L1_MS_M.jpg,5,0,0,0,0,0,0,0.02834,0.02672,0.02558,1,1,1
usf1157_LCC_L1_MS_M.jpg,4,0.00121,0.00117,0.00112,0.01702,0.01684,0.01668,0.17187,0.171,0.17035,1,1,1
usf1157_LMLO_L1_MS_M.jpg,4,0,0,0,0.0016,0.00153,0.00148,0.19318,0.19244,0.19189,1,1,1
usf1158_RMLO_L1_MS_M.jpg,4,0,0,0,0.00576,0.00554,0.00535,0.63128,0.63066,0.63018,1,1,1
usf1160_RMLO_L1_MS_M.jpg,4,0.08875,0.08727,0.08607,0.14373,0.1421,0.14072,0.60666,0.60419,0.60236,1,1,1
usf1162_RMLO_L1_MS_M.jpg,4,0.81237,0.8152,0.81737,0,0,0,0.19722,0.19432,0.19206,1,1,1
usf1163_RCC_L1_MS_M.jpg,5,0.40973,0.41114,0.41219,0.00945,0.00937,0.0093,1,1,1,0.75838,0.75718,0.75618
usf1164_LMLO_L1_MS_M.jpg,4,0,0,0,0,0,0,1,1,1,0.34382,0.34316,0.34263
usf1166_RMLO_L1_MS_M.jpg,5,0,0,0,0,0,0,0,0,0,1,1,1
usf1167_RMLO_L1_CL_M.jpg,4,0,0,0,0,0,0,0.08402,0.08367,0.08338,1,1,1
usf1176_LMLO_L1_CL_M.jpg,5,0.34087,0.34082,0.34072,0,0,0,0.02643,0.02589,0.0255,1,1,1
usf1180_RMLO_L1_MS_M.jpg,4,0,0,0,0,0,0,0,0,0,1,1,1
usf1187_RCC_L1_MS_M.jpg,4,0,0,0,0,0,0,0.00286,0.00267,0.00254,1,1,1
usf1190_LMLO_L1_MS_M.jpg,4,0.00184,0.00174,0.00165,0.04692,0.0465,0.04611,0.33093,0.33028,0.32974,1,1,1
usf1192_LCC_L1_CL_M.jpg,4,0,0,0,0,0,0,0.52256,0.51511,0.50969,1,1,1
usf1196_RCC_L1_CL_M.jpg,5,0.01266,0.01212,0.01169,0.06982,0.06916,0.06864,0.14154,0.14046,0.13961,1,1,1
usf1201_RCC_L1_CL_M.jpg,4,0.00069,0.00065,0.00061,0.03699,0.03687,0.03673,1,1,1,0.47532,0.47398,0.47303
usf1212_LMLO_L2_CL_M.jpg,5,0.42195,0.42179,0.42162,0.00603,0.00595,0.00587,0.04467,0.04447,0.0443,1,1,1
usf1213_LCC_L1_CL_M.jpg,4,0.34903,0.34585,0.34349,0.15326,0.14937,0.14642,0.33665,0.33552,0.33458,1,1,1
usf1213_LMLO_L1_CL_M.jpg,4,0,0,0,0,0,0,0.01923,0.0189,0.01865,1,1,1
usf1214_LMLO_L1_CL_M.jpg,4,0,0,0,0,0,0,0.00971,0.00897,0.00848,1,1,1
usf1215_LCC_L1_MS_M.jpg,4,0.00032,0.0003,0.00027,0.02754,0.02729,0.02708,0.26596,0.26539,0.26495,1,1,1
usf1217_LMLO_L1_MS_M.jpg,4,0,0,0,0,0,0,0.21063,0.20701,0.20425,1,1,1
usf1218_RCC_L1_MS_M.jpg,4,0.02467,0.02405,0.02354,0.124,0.12324,0.12261,1,1,1,0.35294,0.35123,0.34993
usf1218_RMLO_L1_MS_M.jpg,4,0.14539,0.14593,0.14618,0,0,0,1,1,1,0.76271,0.76067,0.75912
usf1219_RCC_L1_CL_M.jpg,4,0,0,0,0.23447,0.2292,0.2251,0.40971,0.40398,0.39953,1,1,1
usf1219_RMLO_L1_CL_M.jpg,4,0.06472,0.06445,0.06417,0.12609,0.12399,0.1223,0.25826,0.25563,0.25354,1,1,1
usf1220_RMLO_L1_CL_M.jpg,4,0.06549,0.06222,0.05961,0.23967,0.23602,0.23311,0.2237,0.22243,0.22156,1,1,1
usf1222_RMLO_L1_MS_M.jpg,5,0.00045,0.00039,0.00035,0.10923,0.10813,0.10729,0.60363,0.60181,0.60046,1,1,1
usf1223_LCC_L1_CL_M.jpg,4,0.00764,0.00724,0.00696,0.02366,0.02322,0.02289,1,1,1,0.68739,0.68632,0.68556
usf1223_LMLO_L1_CL_M.jpg,4,0.3043,0.30482,0.30512,0,0,0,0.0653,0.06313,0.06158,1,1,1
usf1225_RMLO_L1_CL_M.jpg,4,0,0,0,0,0,0,0,0,0,1,1,1
usf1227_LCC_L1_CL_M.jpg,4,0,0,0,0,0,0,0.01922,0.01869,0.01833,1,1,1
usf1229_LMLO_L1_MS_M.jpg,5,0,0,0,0,0,0,0.01267,0.0122,0.01191,1,1,1
usf1232_RCC_L1_CL_M.jpg,4,0,0,0,0,0,0,0.00028,0.00022,0.00018,1,1,1
usf1235_LMLO_L1_CL_M.jpg,4,0,0,0,0,0,0,0.00024,0.00022,0.00021,1,1,1
usf1236_RMLO_L1_CL_M.jpg,5,0,0,0,0,0,0,0.25256,0.25184,0.2513,1,1,1
usf1243_LCC_L1_CL_M.jpg,5,0,0,0,0.00464,0.00459,0.00454,0.94438,0.94342,0.94257,1,1,1
usf1250_RMLO_L1_CL_M.jpg,4,0,0,0,0.01489,0.0144,0.014,0.65253,0.6515,0.65077,1,1,1
usf1252_RCC_L1_CL_M.jpg,5,0,0,0,0.00119,0.0011,0.00102,0.50919,0.50847,0.50789,1,1,1
usf1252_RMLO_L1_CL_M.jpg,5,0,0,0,0.01702,0.01652,0.01611,0.42021,0.41877,0.41769,1,1,1
usf1258_RCC_L2_CL_M.jpg,5,0.03906,0.03821,0.03759,0.03145,0.03054,0.02986,0.11813,0.11741,0.11682,1,1,1
usf1258_RMLO_L1_MS_M.jpg,5,0.07324,0.07138,0.07002,0.23113,0.22858,0.22672,0.55017,0.54858,0.54746,1,1,1
usf1261_LMLO_L1_CL_M.jpg,4,0,0,0,0,0,0,0.44648,0.4416,0.43809,1,1,1
usf1261_RCC_L1_MS_M.jpg,4,0.01388,0.01329,0.0128,0.08672,0.08584,0.08512,0.36518,0.36402,0.36318,1,1,1
usf1262_LCC_L1_MS_M.jpg,5,0,0,0,0,0,0,0.02082,0.02062,0.02048,1,1,1
usf1262_LMLO_L1_MS_M.jpg,5,0,0,0,0,0,0,0,0,0,1,1,1
usf1263_RMLO_L1_MS_M.jpg,5,0,0,0,0,0,0,1,1,1,0.15794,0.15671,0.1557
usf1302_LMLO_L1_CL_B.jpg,4,0,0,0,0.04438,0.04392,0.04357,0.33143,0.33034,0.32952,1,1,1
usf1302_RMLO_L1_CL_B.jpg,4,0,0,0,0.01071,0.00947,0.00851,0.58939,0.58753,0.58605,1,1,1
usf1305_RCC_L1_MS_B.jpg,4,0.25636,0.25002,0.245,0.62244,0.61517,0.60951,1,1,1,0.83897,0.84012,0.84092
usf1305_RMLO_L1_MS_B.jpg,4,0.00932,0.0087,0.00822,0.21579,0.21402,0.2126,0.71362,0.71183,0.71049,1,1,1
usf1316_LMLO_L1_CL_B.jpg,4,0,0,0,0.00459,0.00445,0.00436,0.46386,0.46301,0.46242,1,1,1
usf1329_LCC_L1_MS_M.jpg,4,0.00658,0.00636,0.00614,0,0,0,0,0,0,1,1,1
usf1361_LCC_L1_MS_B.jpg,3,0.01396,0.01355,0.0132,0.05555,0.05487,0.05435,0.32551,0.32401,0.32288,1,1,1
usf1364_RMLO_L1_CL_B.jpg,4,0,0,0,0,0,0,0.00543,0.00524,0.00511,1,1,1
usf1366_LCC_L1_MS_B.jpg,4,0,0,0,0,0,0,0.07902,0.07331,0.06924,1,1,1
usf1369_LMLO_L1_MS_B.jpg,4,0.2423,0.23808,0.23489,0.23934,0.23481,0.23141,0.41787,0.41666,0.41565,1,1,1
usf1374_RCC_L1_CL_B.jpg,4,0.00032,0.00028,0.00025,0.03974,0.0394,0.03912,1,1,1,0.1353,0.13353,0.13226
usf1375_LCC_L1_MS_B.jpg,4,0,0,0,0,0,0,1,1,1,0.10785,0.10497,0.10298
usf1376_LCC_L1_CL_B.jpg,4,0,0,0,0.02445,0.02411,0.02383,0.48738,0.48624,0.48542,1,1,1
usf1376_LMLO_L1_CL_B.jpg,4,0.00059,0.00052,0.00047,0.04794,0.04756,0.04725,0.48287,0.48166,0.48079,1,1,1
usf1377_RMLO_L1_CL_B.jpg,4,0.00118,0.00104,0.00095,0.0647,0.06419,0.0638,0.68494,0.68359,0.6826,1,1,1
usf1378_LMLO_L1_CL_B.jpg,4,0,0,0,0,0,0,0.46894,0.467,0.46549,1,1,1
usf1379_LMLO_L1_MS_B.jpg,4,0.00144,0.00137,0.00132,0.01616,0.01602,0.0159,0.08699,0.08638,0.08592,1,1,1
usf1381_RMLO_L1_MS_B.jpg,4,0,0,0,0,0,0,1,1,1,0.5594,0.5565,0.5545
usf1382_RCC_L1_CL_B.jpg,4,0.00054,0.00047,0.00043,0.04962,0.04926,0.04892,0.32378,0.32286,0.32212,1,1,1
usf1384_RCC_L1_CL_B.jpg,4,0.4609,0.4609,0.46084,0.06682,0.06619,0.06564,0.44723,0.44636,0.44565,1,1,1
usf1384_RMLO_L1_CL_B.jpg,4,0.18779,0.18758,0.18737,0,0,0,0.00001,0,0,1,1,1
usf1385_LCC_L1_MS_B.jpg,4,0.04677,0.0441,0.04202,0.40975,0.40666,0.40418,0.99331,0.99241,0.99171,1,1,1
usf1387_LCC_L1_MS_B.jpg,4,0.07048,0.0696,0.06894,0.07349,0.07242,0.07161,0.40289,0.40013,0.39814,1,1,1
usf1387_LMLO_L1_MS_B.jpg,4,0.00667,0.00652,0.00643,0.03812,0.03775,0.03744,0.30541,0.30374,0.30251,1,1,1
usf1392_LCC_L1_CL_B.jpg,4,0,0,0,0,0,0,0.03357,0.03341,0.03328,1,1,1
usf1393_LMLO_L1_CL_B.jpg,4,0,0,0,0,0,0,0,0,0,1,1,1
usf1394_RMLO_L1_MS_B.jpg,4,0.11172,0.11171,0.11162,0,0,0,1,1,1,0.44573,0.44401,0.44266
usf1396_LMLO_L1_MS_B.jpg,4,0,0,0,0,0,0,0.15041,0.14811,0.14646,1,1,1
usf1397_LCC_L1_MS_B.jpg,4,0.00776,0.00735,0.00693,0,0,0,1,1,1,0.95792,0.95742,0.95694
usf1399_RMLO_L1_MS_M.jpg,4,0,0,0,0,0,0,0.46709,0.46247,0.45927,1,1,1
usf1400_LMLO_L1_CL_M.jpg,4,0.42987,0.43035,0.43066,0.00053,0.00049,0.00046,1,1,1,0.1231,0.12143,0.12009
usf1406_LMLO_L1_CL_B.jpg,4,0,0,0,0,0,0,0.0072,0.00632,0.00572,1,1,1
usf1408_LCC_L1_MS_B.jpg,4,0.05378,0.05176,0.05011,0.1739,0.17131,0.1692,0.34301,0.34202,0.34127,1,1,1
usf1411_RCC_L1_MS_B.jpg,4,0.00567,0.00533,0.00505,0.11921,0.11821,0.11736,0.65608,0.65496,0.6541,1,1,1
usf1412_RCC_L1_MS_B.jpg,4,0,0,0,0,0,0,0.02791,0.02756,0.02732,1,1,1
usf1414_RCC_L1_MS_B.jpg,4,0,0,0,0,0,0,0.20462,0.20244,0.201,1,1,1
usf1416_RMLO_L1_MS_M.jpg,5,0,0,0,0,0,0,0.3503,0.34731,0.34508,1,1,1
usf1417_RMLO_L1_MS_M.jpg,5,0,0,0,0,0,0,0,0,0,1,1,1
usf1418_RCC_L1_MS_B.jpg,4,0.15809,0.15273,0.14848,0.37181,0.36618,0.36173,0.6889,0.68693,0.68558,1,1,1
usf1423_LMLO_L1_MS_B.jpg,4,0,0,0,0,0,0,0.08506,0.08352,0.08248,1,1,1
usf1424_RCC_L1_MS_B.jpg,5,0,0,0,0,0,0,0.36166,0.36054,0.35968,1,1,1
usf1427_LCC_L1_CL_B.jpg,4,0.08799,0.08762,0.08722,0.08211,0.08172,0.08139,1,1,1,0.6379,0.63625,0.63491
usf1427_LMLO_L1_CL_B.jpg,4,0,0,0,0,0,0,0.07061,0.06954,0.06877,1,1,1
usf1428_RCC_L1_MS_B.jpg,4,0.17804,0.17783,0.17762,0,0,0,0,0,0,1,1,1
usf1431_RMLO_L1_CL_B.jpg,4,0,0,0,0.00284,0.00278,0.00273,0.15762,0.15614,0.15502,1,1,1
usf1433_RCC_L1_CL_B.jpg,2,0.0211,0.02069,0.02033,0.06684,0.06616,0.06555,0.29697,0.2948,0.29322,1,1,1
usf1434_RMLO_L1_MS_B.jpg,4,0.04069,0.04012,0.0396,0.21889,0.21862,0.21833,1,1,1,0.74296,0.74235,0.74188
usf1437_LCC_L1_MS_B.jpg,3,0.05011,0.04813,0.04672,0.16381,0.16153,0.15985,0.31705,0.31568,0.31468,1,1,1
usf1438_LCC_L1_CL_B.jpg,4,0,0,0,0,0,0,0,0,0,1,1,1
usf1438_LMLO_L1_CL_B.jpg,4,0,0,0,0,0,0,0,0,0,1,1,1
usf1445_LCC_L1_MS_B.jpg,3,0.21072,0.20777,0.20553,0.33824,0.33453,0.33156,0.94264,0.94092,0.93951,1,1,1
usf1446_LCC_L1_CL_B.jpg,2,0.0222,0.02111,0.02035,0.05272,0.05133,0.05035,0.36777,0.36675,0.36599,1,1,1
usf1447_RMLO_L1_MS_B.jpg,3,0.12133,0.11937,0.11788,0.13047,0.12796,0.12602,0.24731,0.24617,0.24525,1,1,1
usf1448_LMLO_L1_CL_B.jpg,4,0.29291,0.29286,0.29277,0,0,0,0.03558,0.03503,0.03461,1,1,1
usf1449_LCC_L1_CL_B.jpg,4,0.00019,0.00017,0.00016,0.00976,0.00962,0.00951,0.07247,0.07217,0.07192,1,1,1
usf1449_LMLO_L1_CL_B.jpg,4,0.01349,0.01294,0.01254,0.07607,0.07527,0.07469,0.1267,0.12579,0.12509,1,1,1
usf1450_LCC_L1_MS_B.jpg,3,0,0,0,0,0,0,0.00085,0.00065,0.00053,1,1,1
usf1450_LMLO_L1_MS_B.jpg,3,0,0,0,0,0,0,0,0,0,1,1,1
usf1452_RCC_L1_CL_B.jpg,4,0,0,0,0,0,0,1,1,1,0.01358,0.01295,0.01252
usf1453_LMLO_L1_MS_B.jpg,4,0,0,0,0,0,0,0.06158,0.06108,0.06072,1,1,1
usf1455_LMLO_L1_CL_B.jpg,4,0,0,0,0,0,0,0.5212,0.51825,0.51599,1,1,1
usf1456_RCC_L1_MS_B.jpg,4,0,0,0,0.00472,0.00461,0.00451,0.0925,0.09219,0.09193,1,1,1
usf1457_RMLO_L1_MS_B.jpg,4,0.01364,0.01341,0.01317,0,0,0,1,1,1,0.13934,0.13818,0.13729
usf1459_LCC_L1_MS_B.jpg,4,0.27059,0.26965,0.26871,0.14285,0.1412,0.13986,0.82228,0.82099,0.82007,1,1,1
usf1459_LMLO_L1_MS_B.jpg,4,0.65516,0.65401,0.65319,0.13868,0.13692,0.13571,0.32615,0.32516,0.32441,1,1,1
usf1461_LMLO_L1_CL_B.jpg,4,0,0,0,0,0,0,0.10565,0.10386,0.10259,1,1,1
usf1470_LCC_L1_CL_M.jpg,4,0.03841,0.03691,0.03571,0.17978,0.17821,0.17693,0.44097,0.43911,0.43764,1,1,1
usf1470_LMLO_L1_MS_B.jpg,3,0.0687,0.06342,0.05938,1,1,0.99793,0.67611,0.67626,0.67492,0.99632,0.9996,1
usf1473_RMLO_L1_MS_B.jpg,4,0.35114,0.35099,0.35082,0,0,0,0.00297,0.00282,0.00272,1,1,1
usf1474_LCC_L1_CL_B.jpg,4,0.04377,0.04356,0.04335,0,0,0,0.08018,0.07937,0.07876,1,1,1
usf1476_LMLO_L1_MS_B.jpg,4,0.0617,0.05974,0.05822,0.17576,0.17368,0.17203,1,1,1,0.05039,0.04844,0.04701
usf1479_LCC_L1_CL_B.jpg,4,0,0,0,0,0,0,1,1,1,0.09971,0.09583,0.09301
usf1481_LCC_L1_MS_B.jpg,3,0.48606,0.48598,0.48586,0,0,0,0.04748,0.04718,0.04694,1,1,1
usf1482_RCC_L1_CL_B.jpg,4,0,0,0,0.00277,0.00273,0.0027,0.02591,0.0258,0.02571,1,1,1
usf1483_LMLO_L1_MS_B.jpg,4,0,0,0,0,0,0,0,0,0,1,1,1
usf1484_LMLO_L1_CL_B.jpg,4,0,0,0,0.00158,0.00153,0.00148,1,1,1,0.51828,0.51647,0.51522
usf1487_RCC_L1_CL_M.jpg,4,0,0,0,0,0,0,1,1,1,0.38229,0.37506,0.36998
usf1487_RMLO_L1_CL_M.jpg,4,0,0,0,0,0,0,1,1,1,0.00231,0.00213,0.002
usf1490_RMLO_L1_CL_M.jpg,4,0,0,0,0,0,0,0.77573,0.77424,0.77308,1,1,1
usf1492_LCC_L1_CL_B.jpg,4,0,0,0,0,0,0,0.00738,0.00691,0.0066,1,1,1
usf1493_LCC_L1_CL_B.jpg,4,0.01736,0.01645,0.01576,0.12216,0.12088,0.11987,0.33671,0.33572,0.33499,1,1,1
usf1493_LMLO_L1_CL_B.jpg,4,0.06536,0.06275,0.06079,0.31605,0.31317,0.31096,0.52297,0.52107,0.51966,1,1,1
usf1495_RCC_L1_CL_B.jpg,4,0,0,0,0,0,0,0.01012,0.0092,0.00859,1,1,1
usf1496_LCC_L1_CL_B.jpg,2,0,0,0,0,0,0,0.06722,0.06632,0.06566,1,1,1
usf1497_RCC_L1_CL_B.jpg,4,0.04452,0.04421,0.0439,0.00974,0.00959,0.00947,0.24382,0.24228,0.24116,1,1,1
usf1497_RMLO_L1_CL_B.jpg,4,0.07209,0.06734,0.06378,0.37737,0.37309,0.36985,0.54283,0.54137,0.54028,1,1,1
usf1498_LMLO_L1_MS_B.jpg,4,0,0,0,0,0,0,0,0,0,1,1,1
usf1499_RCC_L1_MS_M.jpg,4,0,0,0,0,0,0,0.03394,0.03334,0.03292,1,1,1
usf1500_LMLO_L1_MS_B.jpg,4,0.52761,0.52745,0.5273,0,0,0,0,0,0,1,1,1
usf1501_RMLO_L1_MS_M.jpg,4,0,0,0,0,0,0,0.01095,0.00947,0.00855,1,1,1
usf1503_RCC_L1_CL_M.jpg,4,0,0,0,0,0,0,0.00077,0.00073,0.0007,1,1,1
usf1504_RMLO_L1_MS_M.jpg,5,0.08266,0.08134,0.08037,0.10232,0.10062,0.09936,0.25026,0.24948,0.24888,1,1,1
usf1505_LCC_L1_CL_M.jpg,4,0.0689,0.06602,0.06374,0.36184,0.35912,0.35696,0.75011,0.74783,0.74608,1,1,1
usf1505_LMLO_L1_CL_M.jpg,4,0.06155,0.05862,0.05647,0.48283,0.4812,0.48,1,1,1,0.86255,0.86316,0.86367
usf1506_LCC_L1_CL_M.jpg,4,0.00486,0.00457,0.00437,0.07494,0.07414,0.07349,0.32422,0.32327,0.32253,1,1,1
usf1512_LCC_L1_MS_B.jpg,3,0.35198,0.35186,0.3517,0,0,0,0.04652,0.04617,0.04591,1,1,1
usf1512_RMLO_L1_MS_M.jpg,4,0,0,0,0.00004,0.00003,0.00003,1,1,1,0.13878,0.13717,0.13593
usf1513_LCC_L1_CL_B.jpg,4,0.00169,0.00157,0.0015,0.03814,0.03788,0.03765,0.37872,0.37731,0.37624,1,1,1
usf1514_LCC_L1_MS_B.jpg,4,0,0,0,0,0,0,0.26532,0.25607,0.24931,1,1,1
usf1514_LMLO_L1_MS_B.jpg,4,0.17622,0.17851,0.18013,0,0,0,0.37766,0.36849,0.36163,1,1,1
usf1515_RCC_L1_MS_B.jpg,4,0,0,0,0,0,0,0.86505,0.86377,0.86279,1,1,1
usf1515_RMLO_L1_MS_B.jpg,4,0.01657,0.01572,0.01506,0.16842,0.16767,0.16702,1,1,1,0.54094,0.53919,0.53797
usf1518_LCC_L1_MS_B.jpg,4,0,0,0,0,0,0,1,1,1,0.56971,0.56652,0.56431
usf1519_LCC_L1_MS_B.jpg,4,0,0,0,0.00041,0.00038,0.00036,0.24917,0.24844,0.2479,1,1,1
usf1527_LCC_L1_MS_M.jpg,4,0,0,0,0,0,0,0.2104,0.20652,0.20374,1,1,1
usf1527_LMLO_L1_MS_M.jpg,4,0,0,0,0,0,0,0,0,0,1,1,1
usf1528_RCC_L1_CL_M.jpg,4,0.08413,0.08437,0.08442,0,0,0,0.44257,0.43879,0.43617,1,1,1
usf1529_RCC_L1_MS_M.jpg,4,0.12254,0.11968,0.11737,0.18811,0.18507,0.18256,1,1,1,0.72666,0.72484,0.72354
usf1529_RMLO_L1_MS_M.jpg,4,0.1908,0.1873,0.18458,0.20648,0.20233,0.19912,1,1,1,0.47546,0.47341,0.47196
usf1529_RMLO_L2_MS_M.jpg,4,0,0,0,0,0,0,0.52938,0.52725,0.52571,1,1,1
usf1530_LCC_L1_CL_M.jpg,4,0.05863,0.05778,0.05708,0.05933,0.0583,0.05745,0.22229,0.22134,0.22062,1,1,1
usf1531_LMLO_L1_CL_M.jpg,4,0.00008,0.00006,0.00005,0.06049,0.05977,0.05919,0.38352,0.38232,0.38143,1,1,1
usf1532_RCC_L1_MS_M.jpg,4,0,0,0,0,0,0,1,1,1,0.70336,0.69951,0.69676
usf1533_RCC_L1_MS_M.jpg,4,0.02817,0.02723,0.02644,0.1315,0.13041,0.12947,0.49718,0.49501,0.49336,1,1,1
usf1536_LMLO_L1_MS_M.jpg,4,0.03032,0.02786,0.02606,0.47395,0.47225,0.47089,0.64943,0.64729,0.6457,1,1,1
usf1537_LMLO_L1_MS_M.jpg,4,0.00001,0.00001,0,0.0044,0.00434,0.00428,0.12046,0.11994,0.11955,1,1,1
usf1538_LCC_L1_CL_M.jpg,4,0.01512,0.01475,0.01448,0.03517,0.03464,0.03423,0.16053,0.15987,0.15937,1,1,1
usf1539_RCC_L1_MS_M.jpg,4,0.00264,0.00255,0.00247,0.01818,0.01802,0.01787,0.14692,0.14597,0.14532,1,1,1
usf1539_RMLO_L1_MS_M.jpg,4,0.74019,0.73426,0.72887,0.46085,0.4523,0.44505,1,1,1,0.52485,0.52273,0.52139
usf1542_RCC_L1_MS_B.jpg,4,0.00004,0.00003,0.00002,0.19895,0.19841,0.19797,1,1,1,0.01869,0.01773,0.01711
usf1545_LCC_L1_MS_B.jpg,4,0.03313,0.03291,0.03269,0,0,0,0.00736,0.00712,0.00694,1,1,1
usf1545_LMLO_L1_MS_B.jpg,4,0.00681,0.00652,0.00624,0.02258,0.02223,0.0219,0.15093,0.14981,0.14899,1,1,1
usf1546_RMLO_L1_CL_B.jpg,4,0,0,0,0,0,0,0.23204,0.23129,0.23077,1,1,1
usf1547_RCC_L1_MS_B.jpg,4,0.48827,0.48114,0.47539,0.33875,0.33064,0.32419,1,1,1,0.0001,0.00009,0.00008
usf1549_LCC_L1_MS_B.jpg,4,0.00057,0.0005,0.00046,0.04947,0.04914,0.04891,1,1,1,0.052,0.05086,0.05009
usf1550_LMLO_L1_CL_B.jpg,4,0.0759,0.07414,0.07281,0.16373,0.1616,0.16,0.2519,0.25096,0.25026,1,1,1
usf1551_LMLO_L1_CL_B.jpg,4,0,0,0,0,0,0,0.21912,0.2136,0.20987,1,1,1
usf1552_LCC_L1_CL_B.jpg,4,0.12391,0.1238,0.12366,0,0,0,0.01235,0.0114,0.01075,1,1,1
usf1558_LMLO_L1_MS_M.jpg,4,0,0,0,0,0,0,0.08368,0.08249,0.08172,1,1,1
usf1560_LCC_L1_MS_B.jpg,4,0,0,0,0,0,0,0,0,0,1,1,1
usf1562_LCC_L1_CL_B.jpg,4,0.17402,0.17533,0.17614,0.00075,0.00073,0.0007,0.83353,0.83184,0.8306,1,1,1
usf1563_RCC_L1_MS_B.jpg,4,0.06051,0.06029,0.06007,0,0,0,0,0,0,1,1,1
usf1564_RMLO_L1_CL_B.jpg,4,0,0,0,0.0077,0.00748,0.00732,0.10163,0.10098,0.10045,1,1,1
usf1566_RCC_L1_MS_B.jpg,4,0,0,0,0,0,0,0.2121,0.2103,0.20904,1,1,1
usf1566_RMLO_L1_MS_B.jpg,4,0,0,0,0,0,0,0.0182,0.01795,0.01776,1,1,1
usf1568_LCC_L1_MS_B.jpg,4,0.00332,0.00327,0.00322,0.00166,0.0016,0.00155,0.0227,0.0225,0.02234,1,1,1
usf1570_RMLO_L1_CL_M.jpg,4,0.23059,0.2308,0.23089,0,0,0,0.07204,0.07025,0.0689,1,1,1
usf1573_RMLO_L1_MS_M.jpg,5,0.00057,0.00054,0.00051,0.00902,0.00893,0.00886,0.06319,0.06288,0.06264,1,1,1
usf1578_LCC_L1_CL_M.jpg,4,0.11294,0.11273,0.11251,0,0,0,0,0,0,1,1,1
usf1579_RCC_L1_MS_M.jpg,4,0.75759,0.75785,0.75793,0.00209,0.00201,0.00196,0.16929,0.16861,0.16814,1,1,1
usf1579_RMLO_L1_MS_M.jpg,4,0.08867,0.08845,0.08823,0,0,0,0,0,0,1,1,1
usf1580_LCC_L1_MS_M.jpg,4,0.28518,0.28508,0.28493,0.04628,0.04558,0.04505,0.38708,0.38577,0.38478,1,1,1
usf1580_LMLO_L2_CL_M.jpg,4,0.08072,0.08047,0.08022,0,0,0,0.26902,0.26857,0.26821,1,1,1
usf1584_LCC_L1_CL_M.jpg,4,0.06992,0.06834,0.06718,0.19409,0.19191,0.1903,0.50862,0.50735,0.50644,1,1,1
usf1585_RMLO_L1_CL_M.jpg,4,0,0,0,0,0,0,0.03612,0.03564,0.0353,1,1,1
usf1588_LCC_L1_CL_M.jpg,4,0.00485,0.00437,0.00401,0.12208,0.1213,0.12069,0.33661,0.33559,0.33485,1,1,1
usf1589_LCC_L1_MS_M.jpg,5,0.00341,0.00323,0.00307,0.08025,0.07983,0.07945,1,1,1,0.20844,0.20641,0.20483
usf1590_RCC_L1_CL_M.jpg,4,0.71525,0.71146,0.70851,0.38543,0.38052,0.37668,0.45424,0.45266,0.45138,1,1,1
usf1591_LCC_L1_CL_M.jpg,4,0.5412,0.54155,0.54167,0.02006,0.01889,0.01804,0.3447,0.34261,0.34115,1,1,1
usf1591_LMLO_L1_CL_M.jpg,4,0.07946,0.07924,0.07902,0,0,0,0.00001,0,0,1,1,1
usf1593_RCC_L1_MS_M.jpg,4,0.00003,0.00002,0.00002,0.02284,0.02279,0.02274,1,1,1,0.6433,0.63989,0.63741
usf1593_RMLO_L1_MS_M.jpg,4,0,0,0,0,0,0,1,1,1,0.2542,0.25033,0.24745
usf1594_LCC_L1_MS_M.jpg,4,0,0,0,0,0,0,0.34007,0.33877,0.33778,1,1,1
usf1597_RCC_L1_CL_M.jpg,4,0,0,0,0,0,0,0.02468,0.02235,0.02083,1,1,1
usf1600_RCC_L1_MS_B.jpg,4,0.49567,0.4956,0.4955,0,0,0,0.01007,0.00975,0.00951,1,1,1
usf1600_RMLO_L1_MS_B.jpg,4,0.64702,0.6473,0.64746,0,0,0,0.16236,0.16166,0.16111,1,1,1
usf1601_RMLO_L1_CL_B.jpg,4,0,0,0,0,0,0,1,1,1,0.05217,0.04757,0.04436
usf1602_RCC_L1_MS_B.jpg,4,0.03018,0.02977,0.02944,0.03622,0.03564,0.0352,0.23133,0.23007,0.22916,1,1,1
usf1605_RMLO_L1_CL_B.jpg,4,0,0,0,0,0,0,0.47589,0.47282,0.47057,1,1,1
usf1607_LCC_L1_MS_B.jpg,3,0.20181,0.20163,0.20143,0,0,0,0.001,0.00087,0.00079,1,1,1
usf1609_LCC_L1_CL_B.jpg,4,0.00461,0.00393,0.00343,0.32056,0.31885,0.31755,0.3259,0.32454,0.32354,1,1,1
usf1610_RCC_L1_MS_B.jpg,4,0.22767,0.22767,0.22761,0.00051,0.00048,0.00045,0.14374,0.14262,0.14177,1,1,1
usf1610_RMLO_L1_MS_B.jpg,4,0,0,0,0,0,0,0.40157,0.39952,0.398,1,1,1
usf1613_LCC_L1_CL_M.jpg,5,0.05947,0.05812,0.05709,0.13477,0.13342,0.13236,1,1,1,0.19,0.18597,0.18299
usf1614_RCC_L1_CL_M.jpg,4,0.00016,0.00014,0.00013,0.02047,0.02029,0.02015,0.07533,0.07484,0.07445,1,1,1
usf1615_RCC_L1_MS_B.jpg,4,0.02948,0.02903,0.02868,0.05386,0.05329,0.05286,1,1,1,0.23536,0.23296,0.23128
usf1620_RCC_L1_MS_M.jpg,5,0,0,0,0,0,0,0.16884,0.16522,0.16286,1,1,1
usf1621_RMLO_L1_CL_M.jpg,4,0.1185,0.11778,0.11721,0.09492,0.09365,0.0927,1,1,1,0.33139,0.32767,0.32501
usf1622_LCC_L1_MS_M.jpg,5,0.04597,0.04582,0.04562,0,0,0,1,1,1,0.41743,0.41519,0.41355
usf1622_LMLO_L1_MS_M.jpg,5,0.01778,0.01709,0.01653,0.13568,0.13503,0.1345,1,1,1,0.26739,0.26425,0.26193
usf1622_RCC_L1_MS_M.jpg,4,0.08612,0.08344,0.08138,0.2383,0.2355,0.23327,1,1,1,0.07183,0.06877,0.06662
usf1622_RMLO_L1_MS_M.jpg,4,0.04389,0.04389,0.0438,0.02942,0.02913,0.02889,1,1,1,0.37858,0.37418,0.37088
usf1624_RMLO_L1_MS_M.jpg,4,0,0,0,0,0,0,0.38756,0.38295,0.37983,1,1,1
usf1626_LCC_L1_CL_M.jpg,4,0.12574,0.12301,0.12073,0.35638,0.3538,0.35153,1,1,1,0.93851,0.9399,0.94113
usf1626_LMLO_L1_CL_M.jpg,4,0,0,0,0.00747,0.00737,0.00727,0.78598,0.78495,0.78419,1,1,1
usf1632_RCC_L1_CL_M.jpg,4,0.03244,0.03254,0.03257,0.01796,0.0177,0.01751,1,1,1,0.29845,0.29414,0.29122
usf1632_RMLO_L1_CL_M.jpg,4,0,0,0,0,0,0,1,1,1,0.08373,0.07993,0.07743
usf1633_RCC_L1_CL_B.jpg,4,0,0,0,0,0,0,0.57642,0.57037,0.56581,1,1,1
usf1634_LCC_L1_MS_B.jpg,4,0.00013,0.0001,0.00008,0.433,0.43291,0.43277,0.4149,0.41398,0.41334,1,1,1
usf1636_LCC_L1_CL_M.jpg,4,0.43412,0.43526,0.43604,0,0,0,0.84791,0.84762,0.84746,1,1,1
usf1639_LMLO_L1_MS_M.jpg,4,0.28405,0.28405,0.28398,0.00001,0.00001,0.00001,0.34457,0.34391,0.34343,1,1,1
usf1642_RCC_L1_MS_M.jpg,5,0,0,0,0,0,0,0,0,0,1,1,1
usf1648_RMLO_L1_CL_B.jpg,4,0,0,0,0,0,0,0.02447,0.02422,0.02404,1,1,1
usf1649_LCC_L1_CL_B.jpg,4,0,0,0,0,0,0,0.05732,0.05604,0.05523,1,1,1
usf1652_RCC_L1_CL_M.jpg,5,0,0,0,0.00399,0.0039,0.00383,0.08952,0.08913,0.08885,1,1,1
usf1652_RMLO_L1_CL_M.jpg,5,0,0,0,0.0052,0.0051,0.00502,0.14086,0.14024,0.13977,1,1,1
usf1657_LCC_L1_MS_M.jpg,4,0.56055,0.56004,0.55962,0.11019,0.10922,0.10846,0.287,0.28623,0.28562,1,1,1
usf1660_RMLO_L1_CL_B.jpg,4,0.0045,0.0041,0.00383,0.10549,0.10478,0.10425,0.18382,0.18299,0.18236,1,1,1
usf1661_RMLO_L1_MS_M.jpg,4,0.03836,0.03712,0.03611,0.08049,0.0789,0.07758,0.48003,0.47904,0.47825,1,1,1
usf1663_RCC_L1_CL_M.jpg,3,0,0,0,0,0,0,0.00637,0.00605,0.00584,1,1,1
usf1665_LMLO_L1_MS_M.jpg,4,0,0,0,0,0,0,0.61459,0.60924,0.60565,1,1,1
usf1667_LCC_L1_CL_M.jpg,4,0,0,0,0.00038,0.00035,0.00033,0.30307,0.30156,0.30046,1,1,1
usf1669_RMLO_L1_MS_M.jpg,5,0,0,0,0,0,0,0,0,0,1,1,1
usf1671_RCC_L1_CL_M.jpg,4,0.03366,0.03303,0.03251,0.05466,0.05383,0.05315,0.40782,0.40685,0.40616,1,1,1
usf1671_RMLO_L1_CL_M.jpg,4,0.02519,0.02463,0.02413,0.07911,0.07812,0.07731,0.38211,0.38099,0.38021,1,1,1
usf1673_LCC_L1_MS_M.jpg,5,0.08489,0.08282,0.08124,0.05874,0.05651,0.05477,0.21738,0.21652,0.21589,1,1,1
usf1673_LMLO_L1_MS_M.jpg,5,0.00392,0.00369,0.00352,0.02698,0.02658,0.02624,0.22476,0.22373,0.22298,1,1,1
usf1676_LMLO_L1_MS_M.jpg,4,0,0,0,0,0,0,1,1,1,0.36388,0.36009,0.35729
usf1677_RMLO_L1_CL_M.jpg,4,0.00248,0.00231,0.00219,0.04733,0.04696,0.04666,0.10406,0.10338,0.10285,1,1,1
usf1685_LCC_L1_CL_B.jpg,4,0,0,0,0,0,0,0.7336,0.73211,0.731,1,1,1
usf1685_LMLO_L1_CL_B.jpg,4,0,0,0,0,0,0,1,1,1,0.18124,0.17952,0.1783
usf1686_LCC_L1_MS_B.jpg,4,0.00002,0.00002,0.00001,0.02327,0.02288,0.02259,0.49596,0.4947,0.49385,1,1,1
usf1689_RCC_L1_MS_B.jpg,4,0.26425,0.26103,0.25856,0.25936,0.2558,0.25312,0.42915,0.42815,0.42735,1,1,1
usf1689_RMLO_L1_MS_B.jpg,4,0.0003,0.00027,0.00026,0.01216,0.01202,0.01192,0.15006,0.14923,0.14863,1,1,1
usf1696_RMLO_L1_CL_M.jpg,4,0,0,0,0,0,0,0.00396,0.00388,0.00382,1,1,1
usf1697_RMLO_L1_CL_M.jpg,4,0,0,0,0,0,0,0.33652,0.33287,0.33026,1,1,1
usf1700_RCC_L1_MS_M.jpg,5,0.2315,0.23184,0.23197,0.00055,0.00053,0.00051,0.31717,0.31527,0.31397,1,1,1
usf1701_LMLO_L1_MS_M.jpg,5,0,0,0,0,0,0,0,0,0,1,1,1
usf1705_RCC_L1_CL_B.jpg,4,0.0006,0.00056,0.00052,0.0455,0.04508,0.04476,0.60886,0.60811,0.60756,1,1,1
usf1705_RMLO_L1_CL_B.jpg,4,0.00131,0.00109,0.00102,0,0,0,0,0,0,1,1,1
usf1709_LCC_L1_MS_B.jpg,4,0.74559,0.74559,0.74555,0,0,0,1,1,1,0.09511,0.09452,0.09397
usf1710_LMLO_L1_MS_B.jpg,3,0,0,0,0.00025,0.00023,0.00022,0.1097,0.10912,0.10865,1,1,1
usf1713_RCC_L1_CL_B.jpg,4,0.01207,0.01124,0.01057,0.08224,0.08126,0.08044,0.30643,0.30589,0.30545,1,1,1
usf1716_RCC_L1_MS_B.jpg,4,0.04398,0.04326,0.04265,0.14787,0.14717,0.14646,1,1,1,0.6603,0.65812,0.65668
usf1718_RCC_L1_MS_B.jpg,4,0,0,0,0,0,0,0.11063,0.10724,0.10487,1,1,1
usf1718_RMLO_L1_MS_B.jpg,4,0,0,0,0,0,0,0.00854,0.00793,0.0075,1,1,1
usf1719_LCC_L1_MS_B.jpg,4,0,0,0,0.00001,0.00001,0,1,1,1,0.00586,0.00569,0.00557
usf1721_LMLO_L1_CL_M.jpg,4,0.79059,0.79175,0.79255,0,0,0,0.05749,0.05585,0.05465,1,1,1
usf1722_LCC_L1_CL_M.jpg,4,0.18198,0.18199,0.18195,0,0,0,0.02162,0.02037,0.01943,1,1,1
usf1724_LCC_L1_CL_M.jpg,4,0,0,0,0,0,0,1,1,1,0.55758,0.55525,0.55351
usf1728_LCC_L1_CL_M.jpg,4,0,0,0,0,0,0,0.19831,0.19363,0.19005,1,1,1
usf1730_LMLO_L1_CL_M.jpg,4,0.00018,0.00016,0.00015,0.02586,0.02564,0.02545,1,1,1,0.76598,0.76523,0.76472
usf1731_LCC_L1_CL_M.jpg,4,0,0,0,0,0,0,0.03104,0.02823,0.02646,1,1,1
usf1736_RCC_L1_CL_B.jpg,3,0.09051,0.0903,0.09009,0.00003,0.00002,0.00002,0.0683,0.0679,0.0676,1,1,1
usf1737_RMLO_L1_MS_B.jpg,4,0.00862,0.00843,0.00825,0.0363,0.03587,0.03549,0.39733,0.39618,0.39532,1,1,1
usf1738_LCC_L1_MS_B.jpg,4,0.56084,0.56069,0.56054,0,0,0,0,0,0,1,1,1
usf1742_LCC_L1_MS_B.jpg,4,0,0,0,0,0,0,0.00002,0.00002,0.00001,1,1,1
usf1742_LMLO_L1_MS_B.jpg,4,0.00048,0.00042,0.00037,0.04279,0.04231,0.04195,0.3409,0.34012,0.33955,1,1,1
usf1743_LCC_L1_CL_B.jpg,4,0,0,0,0,0,0,0,0,0,1,1,1
usf1746_RMLO_L1_CL_B.jpg,4,0.00613,0.00573,0.00543,0.11443,0.11372,0.11314,0.31681,0.31571,0.31482,1,1,1
usf1747_RCC_L1_MS_B.jpg,4,0.00228,0.00213,0.00201,0.04824,0.04794,0.04766,0.35932,0.35696,0.35524,1,1,1
usf1748_RCC_L1_MS_B.jpg,3,0.01328,0.013,0.01274,0.03738,0.03697,0.03663,0.19606,0.19518,0.19455,1,1,1
usf1748_RMLO_L1_MS_B.jpg,3,0.00001,0.00001,0.00001,0.00808,0.008,0.00794,0.14092,0.13854,0.13686,1,1,1
usf1749_RMLO_L1_CL_B.jpg,4,0,0,0,0,0,0,0.01937,0.01903,0.0188,1,1,1
usf1751_RCC_L1_CL_B.jpg,4,0,0,0,0,0,0,0,0,0,1,1,1
usf1755_LMLO_L1_CL_B.jpg,4,0,0,0,0.0257,0.02532,0.02503,0.17916,0.17834,0.17775,1,1,1
usf1757_LCC_L1_MS_B.jpg,3,0.23547,0.23535,0.2352,0,0,0,0.03348,0.03297,0.03259,1,1,1
usf1757_LMLO_L1_MS_B.jpg,3,0.37403,0.37384,0.37365,0,0,0,0,0,0,1,1,1
usf1759_LMLO_L1_MS_B.jpg,3,0,0,0,0,0,0,0.03297,0.03277,0.0326,1,1,1
usf1763_LCC_L1_MS_B.jpg,4,0,0,0,0.0004,0.00038,0.00037,0.10046,0.10011,0.09985,1,1,1
usf1768_LCC_L1_MS_B.jpg,4,0.04998,0.04909,0.04836,0.11011,0.10886,0.10783,0.62051,0.6187,0.61739,1,1,1
usf1769_LCC_L1_MS_B.jpg,4,0.0209,0.02068,0.02046,0,0,0,0,0,0,1,1,1
usf1770_RMLO_L1_MS_B.jpg,3,0.00011,0.00009,0.00008,0.03423,0.03398,0.03374,0.49157,0.49041,0.48946,1,1,1
usf1771_RMLO_L1_MS_B.jpg,4,0,0,0,0,0,0,0.0482,0.04763,0.04717,1,1,1
usf1772_LCC_L1_MS_M.jpg,4,0.47024,0.47188,0.473,0,0,0,0.04265,0.0389,0.03622,1,1,1
usf1773_RCC_L1_CL_B.jpg,4,0,0,0,0,0,0,1,1,1,0.0144,0.01347,0.01284
usf1773_RMLO_L1_CL_B.jpg,4,0,0,0,0,0,0,1,1,1,0.29666,0.28972,0.28454
usf1774_LCC_L1_CL_B.jpg,4,0.00109,0.00098,0.0009,0.04401,0.04362,0.04331,0.38663,0.38556,0.38482,1,1,1
usf1778_LMLO_L1_MS_B.jpg,4,0.00349,0.00323,0.00306,0.08548,0.08517,0.08493,1,1,1,0.7695,0.76884,0.76847
usf1782_LCC_L1_CL_B.jpg,4,0.00439,0.00416,0.00398,0.02556,0.02524,0.02499,0.12567,0.12518,0.12477,1,1,1
usf1782_LMLO_L1_CL_B.jpg,4,0,0,0,0,0,0,0.49339,0.49188,0.49069,1,1,1
usf1783_LMLO_L1_CL_B.jpg,4,0.02603,0.02536,0.02485,0.09487,0.0939,0.09312,0.22421,0.22338,0.22269,1,1,1
usf1784_LCC_L1_MS_B.jpg,4,0.00001,0,0,0.00953,0.00942,0.00933,0.80995,0.80871,0.80773,1,1,1
usf1785_LMLO_L1_MS_B.jpg,3,0,0,0,0,0,0,0.15172,0.15099,0.15041,1,1,1
usf1788_RMLO_L1_MS_B.jpg,4,0,0,0,0,0,0,0.60084,0.59728,0.59462,1,1,1
usf1790_LMLO_L1_MS_M.jpg,4,0.00308,0.00283,0.00264,0.10868,0.10808,0.10764,1,1,1,0.32491,0.32273,0.32111
usf1792_LCC_L1_MS_B.jpg,4,0.19283,0.1852,0.17934,0.4343,0.42705,0.42133,0.67228,0.67058,0.66927,1,1,1
usf1796_RCC_L1_MS_B.jpg,4,0,0,0,0,0,0,0,0,0,1,1,1
usf1799_LCC_L1_MS_B.jpg,4,0.03389,0.03285,0.03204,0.10789,0.10638,0.10524,1,1,1,0.02332,0.02305,0.02285
usf1805_LCC_L1_MS_B.jpg,4,0.59577,0.59681,0.59752,0.01351,0.01312,0.01277,1,1,1,0.07811,0.07537,0.07321
usf1807_RMLO_L1_CL_B.jpg,4,0.50557,0.50541,0.50525,0,0,0,0,0,0,1,1,1
usf1808_RMLO_L1_MS_B.jpg,4,0.02393,0.02283,0.022,0.16092,0.15909,0.15767,0.34722,0.34595,0.345,1,1,1
usf1819_RMLO_L1_CL_M.jpg,4,0.22655,0.22643,0.22629,0,0,0,0.01244,0.01201,0.01169,1,1,1
usf1820_LMLO_L1_MS_M.jpg,4,0.00056,0.00048,0.00043,0.06509,0.06457,0.0641,0.60173,0.60084,0.60012,1,1,1
usf1821_LMLO_L1_MS_M.jpg,5,0,0,0,0,0,0,0.80637,0.80419,0.80264,1,1,1
usf1823_RMLO_L1_MS_M.jpg,4,0.06072,0.0597,0.05885,0.14035,0.1389,0.13768,0.69618,0.69477,0.69361,1,1,1
usf1824_LCC_L1_CL_M.jpg,4,0,0,0,0,0,0,0.01096,0.01048,0.01017,1,1,1
usf1826_RCC_L1_CL_M.jpg,4,0,0,0,0,0,0,0.0925,0.0915,0.09074,1,1,1
usf1826_RMLO_L1_CL_M.jpg,4,0.00067,0.00061,0.00055,0.05032,0.04991,0.04956,0.42496,0.42398,0.42322,1,1,1
usf1829_RCC_L1_CL_B.jpg,4,0.04526,0.04397,0.04281,0.12033,0.11869,0.1173,0.45068,0.44902,0.44782,1,1,1
usf1833_LMLO_L1_MS_B.jpg,3,0.00063,0.00058,0.00053,0.03929,0.03894,0.03866,1,1,1,0.08625,0.08566,0.08526
usf1834_LCC_L1_MS_B.jpg,4,0.11572,0.11183,0.1088,0.40072,0.39633,0.3929,1,1,1,0.46319,0.46265,0.46222
usf1838_LMLO_L1_MS_B.jpg,3,0,0,0,0,0,0,0.00002,0.00001,0.00001,1,1,1
usf1841_LCC_L1_CL_B.jpg,4,0.01877,0.01642,0.01472,0.74667,0.74694,0.74696,0.65963,0.65731,0.65547,1,1,1
usf1843_RCC_L1_MS_B.jpg,2,0.14043,0.14048,0.14044,0,0,0,1,1,1,0.37313,0.37155,0.37037
usf1844_LMLO_L1_CL_B.jpg,4,0,0,0,0,0,0,1,1,1,0.69307,0.69131,0.69006
usf1846_LMLO_L1_MS_B.jpg,4,0.00212,0.00206,0.00201,0.00613,0.006,0.0059,0.15651,0.15479,0.15359,1,1,1
usf1847_RCC_L1_MS_B.jpg,4,0,0,0,0.01107,0.01092,0.0108,0.45408,0.45229,0.45098,1,1,1
usf1847_RMLO_L1_MS_B.jpg,4,0,0,0,0,0,0,0.77322,0.77201,0.77107,1,1,1
usf1848_LCC_L1_MS_M.jpg,4,0,0,0,0,0,0,1,1,1,0,0,0
usf1848_LMLO_L1_MS_M.jpg,4,0,0,0,0,0,0,1,1,1,0.00702,0.00678,0.0066
usf1849_LMLO_L1_MS_M.jpg,4,0.00206,0.00192,0.0018,0.04937,0.04884,0.04844,1,1,1,0.04362,0.04186,0.04056
usf1850_RCC_L1_CL_M.jpg,5,0,0,0,0,0,0,1,1,1,0.00784,0.00752,0.00727
usf1854_LMLO_L1_CL_B.jpg,4,0,0,0,0,0,0,0.00094,0.00089,0.00084,1,1,1
usf1859_RMLO_L1_CL_B.jpg,4,0,0,0,0,0,0,0.01427,0.01415,0.01405,1,1,1
usf1861_RMLO_L1_CL_B.jpg,4,0,0,0,0,0,0,0,0,0,1,1,1
usf1863_RMLO_L1_MS_B.jpg,4,0,0,0,0,0,0,1,1,1,0.15457,0.14881,0.14486
usf1866_LCC_L1_CL_B.jpg,4,0.29791,0.29771,0.29751,0,0,0,0,0,0,1,1,1
usf1867_RMLO_L1_CL_B.jpg,4,0.63721,0.63718,0.6371,0.00035,0.00034,0.00032,0.06358,0.06324,0.06296,1,1,1
usf1870_LCC_L1_CL_B.jpg,4,0,0,0,0,0,0,0,0,0,1,1,1
usf1870_LMLO_L1_CL_B.jpg,4,0,0,0,0,0,0,0,0,0,1,1,1
usf1873_LCC_L1_CL_M.jpg,4,0,0,0,0,0,0,0.57328,0.56971,0.567,1,1,1
usf1873_LMLO_L1_CL_M.jpg,4,0.00564,0.0054,0.00523,0.02247,0.02217,0.02195,0.04612,0.04586,0.04565,1,1,1
usf1876_LCC_L1_MS_B.jpg,4,0,0,0,0,0,0,0.09684,0.09621,0.09576,1,1,1
usf1878_LCC_L1_MS_B.jpg,4,0.30644,0.30633,0.30617,0.01737,0.0172,0.01705,0.2121,0.21147,0.21099,1,1,1
usf1879_RMLO_L1_MS_B.jpg,4,0,0,0,0.00001,0.00001,0.00001,0.42305,0.42235,0.42183,1,1,1
usf1881_RMLO_L1_MS_B.jpg,4,0,0,0,0,0,0,0.59048,0.58791,0.58608,1,1,1
usf1882_LMLO_L1_MS_B.jpg,3,0,0,0,0.00111,0.00108,0.00106,0.04552,0.04532,0.04516,1,1,1
usf1885_LMLO_L1_CL_B.jpg,4,0,0,0,0,0,0,0.19723,0.19491,0.19317,1,1,1
usf1888_LMLO_L1_CL_B.jpg,4,0.25886,0.25605,0.25398,0.20123,0.19776,0.19518,0.61006,0.60886,0.60792,1,1,1
usf1891_RMLO_L1_CL_B.jpg,4,0.00001,0.00001,0.00001,0.01772,0.0177,0.01766,0.53808,0.53273,0.52908,1,1,1
usf1893_LCC_L1_MS_M.jpg,4,0.20707,0.21016,0.21232,0,0,0,0.82669,0.82382,0.8217,1,1,1
usf1898_RCC_L1_CL_M.jpg,4,0,0,0,0,0,0,0.04692,0.04659,0.04636,1,1,1
usf1899_LCC_L1_MS_M.jpg,5,0.17833,0.17836,0.17831,0.00061,0.00056,0.00053,1,1,1,0.16206,0.16051,0.15931
usf1903_LCC_L1_CL_M.jpg,4,0.16964,0.16561,0.16247,0.37536,0.37183,0.369,0.97568,0.97468,0.974,1,1,1
usf1904_RMLO_L1_MS_M.jpg,4,0.03448,0.03379,0.03323,0.12131,0.12069,0.12013,1,1,1,0.25982,0.25528,0.25219
usf1911_RCC_L1_MS_B.jpg,3,0,0,0,0,0,0,0.08348,0.07804,0.07452,1,1,1
usf1912_RCC_L1_MS_B.jpg,3,0.35046,0.35026,0.35007,0,0,0,0.00181,0.00177,0.00174,1,1,1
usf1922_RCC_L1_MS_B.jpg,3,0,0,0,0,0,0,0.02617,0.02573,0.02542,1,1,1
usf1922_RMLO_L1_MS_B.jpg,3,0.00002,0.00002,0.00001,0.03983,0.03968,0.03956,1,1,1,0.83834,0.83773,0.83726
usf1924_RMLO_L1_CL_B.jpg,4,0,0,0,0,0,0,0.27984,0.27804,0.27676,1,1,1
usf1925_RMLO_L1_CL_B.jpg,4,0,0,0,0,0,0,0,0,0,1,1,1
usf1929_LCC_L1_CL_M.jpg,4,0.13896,0.13892,0.13881,0.01684,0.01652,0.01624,0.38262,0.38106,0.37986,1,1,1
usf1929_LMLO_L1_CL_M.jpg,4,0.11712,0.11699,0.11683,0,0,0,0.02248,0.0217,0.02116,1,1,1
usf1930_LMLO_L1_CL_M.jpg,4,0,0,0,0,0,0,0.47279,0.47119,0.4701,1,1,1
usf1934_LCC_L1_CL_B.jpg,3,0,0,0,0,0,0,0.10223,0.09533,0.09088,1,1,1
usf1935_RMLO_L1_CL_B.jpg,4,0.01702,0.01605,0.01533,0.18887,0.18785,0.187,0.96377,0.96262,0.9617,1,1,1
usf1940_LMLO_L1_MS_B.jpg,3,0,0,0,0,0,0,0,0,0,1,1,1
usf1942_LMLO_L1_MS_B.jpg,4,0.0044,0.00417,0.00397,0.05776,0.05715,0.05663,1,1,1,0.05421,0.05349,0.05295
usf1943_RCC_L1_MS_B.jpg,4,0.09282,0.0926,0.09238,0,0,0,0.00001,0.00001,0.00001,1,1,1
usf1944_RCC_L1_CL_B.jpg,4,0,0,0,0,0,0,0.53727,0.5355,0.53409,1,1,1
usf1945_LCC_L1_CL_B.jpg,4,0,0,0,0,0,0,0.18617,0.18356,0.18169,1,1,1
usf1945_LMLO_L1_CL_B.jpg,4,0,0,0,0,0,0,0.07269,0.07108,0.06989,1,1,1
usf1948_LCC_L1_MS_B.jpg,4,0,0,0,0.001,0.00098,0.00096,0.08293,0.08227,0.08179,1,1,1
usf1950_RCC_L1_MS_B.jpg,5,0,0,0,0,0,0,0.47462,0.47137,0.46912,1,1,1
usf1953_RMLO_L1_CL_B.jpg,4,0.00008,0.00006,0.00005,0.01608,0.01595,0.01582,0.17415,0.17307,0.17223,1,1,1
usf1954_LCC_L1_CL_B.jpg,4,0,0,0,0.00226,0.0022,0.00216,0.14101,0.1397,0.13879,1,1,1
usf1982_LCC_L1_MS_B.jpg,4,0.08976,0.0865,0.0841,0.28767,0.28396,0.28128,0.33074,0.32959,0.32876,1,1,1
usf1982_LMLO_L1_MS_B.jpg,4,0.14159,0.13741,0.13406,0.49621,0.49361,0.49139,1,1,1,0.555,0.55279,0.55122
usf1983_LMLO_L1_CL_M.jpg,4,0,0,0,0,0,0,0.00304,0.00295,0.00287,1,1,1
usf1986_RMLO_L1_MS_M.jpg,4,0,0,0,0,0,0,0.07222,0.07168,0.07128,1,1,1
usf1987_RCC_L1_MS_M.jpg,4,0.10443,0.10496,0.10525,0,0,0,1,1,1,0.47687,0.47239,0.46911
usf1999_RMLO_L1_MS_M.jpg,5,0.01492,0.01419,0.01364,0.15986,0.15948,0.15912,1,1,1,0.97969,0.98039,0.98099
usf3002_LCC_L1_MS_B.jpg,3,0,0,0,0.05315,0.05285,0.05259,0.14281,0.14232,0.14197,1,1,1
usf3002_LCC_L2_CL_M.jpg,3,0.53103,0.53085,0.53067,0,0,0,0,0,0,1,1,1
usf3002_LMLO_L2_CL_M.jpg,3,0.20462,0.20445,0.2042,0.03543,0.03519,0.03501,0.41687,0.416,0.41543,1,1,1
usf3003_RMLO_L1_CL_M.jpg,5,0.12917,0.12891,0.12862,0.06452,0.06397,0.06354,0.20749,0.20665,0.20611,1,1,1
usf3005_LMLO_L2_CL_M.jpg,4,0,0,0,0.00633,0.00622,0.00616,0.05341,0.05247,0.05188,1,1,1
usf3005_LMLO_L3_CL_M.jpg,4,0,0,0,0.3032,0.30277,0.30246,0.17458,0.17373,0.17322,1,1,1
usf3007_LCC_L1_CL_M.jpg,4,0,0,0,0.13236,0.13217,0.13204,0.69616,0.69495,0.69431,1,1,1
usf3007_LMLO_L1_CL_M.jpg,4,0,0,0,0.44293,0.44281,0.4427,0.80095,0.79992,0.79947,1,1,1
usf3009_RMLO_L1_CL_M.jpg,4,0.36079,0.36106,0.36113,0,0,0,0.03798,0.03658,0.03571,1,1,1
usf3010_RCC_L2_MS_M.jpg,4,0,0,0,0,0,0,0,0,0,1,1,1
usf3012_RMLO_L1_MS_M.jpg,4,0,0,0,0,0,0,0.24814,0.24696,0.24616,1,1,1
usf3013_RCC_L2_MS_M.jpg,5,0.24336,0.24313,0.24289,0,0,0,0.00013,0.00011,0.0001,1,1,1
usf3016_RCC_L1_MS_M.jpg,4,0.54809,0.5486,0.54875,0.05883,0.05863,0.05847,0.20442,0.203,0.20217,1,1,1
usf3016_RMLO_L1_MS_M.jpg,4,0.16427,0.16427,0.16415,0,0,0,0.1069,0.10528,0.10434,1,1,1
usf3018_LMLO_L1_MS_M.jpg,4,0,0,0,0,0,0,0.00129,0.00098,0.00083,1,1,1
usf3021_LCC_L2_MS_M.jpg,3,0,0,0,0,0,0,0,0,0,1,1,1
usf3022_RMLO_L1_MS_M.jpg,5,0,0,0,0,0,0,0.00001,0,0,1,1,1
usf3024_RCC_L1_MS_B.jpg,3,0,0,0,0.29807,0.29769,0.29736,0.12496,0.12425,0.12376,1,1,1
usf3025_RCC_L2_MS_M.jpg,5,0,0,0,0.04655,0.04644,0.04631,0.07534,0.07449,0.07397,1,1,1
usf3025_RMLO_L2_CL_M.jpg,5,0.32279,0.32337,0.32355,0,0,0,0.23727,0.23502,0.23373,1,1,1
usf3026_RCC_L3_CL_M.jpg,4,0,0,0,0,0,0,0,0,0,1,1,1
usf3026_RMLO_L2_CL_M.jpg,4,0,0,0,0.00129,0.00126,0.00123,0.0898,0.08953,0.08933,1,1,1
usf3026_RMLO_L4_CL_M.jpg,4,0,0,0,0,0,0,0.0414,0.04122,0.04108,1,1,1
usf3029_LCC_L1_MS_B.jpg,3,0.66185,0.66297,0.66341,0.09663,0.09631,0.09607,0.45931,0.45781,0.45702,1,1,1
usf3029_LCC_L2_CL_M.jpg,3,0.55478,0.55538,0.55557,0.00022,0.00019,0.00018,0.2141,0.2127,0.21191,1,1,1
usf3029_LMLO_L3_CL_M.jpg,3,0,0,0,0,0,0,0.0002,0.00017,0.00015,1,1,1
usf3029_LMLO_L5_CL_M.jpg,3,0,0,0,0.0116,0.01145,0.01136,0.24601,0.24482,0.24412,1,1,1
usf3030_RMLO_L1_CL_B.jpg,4,0,0,0,0.01203,0.01198,0.01194,0.25199,0.24763,0.24512,1,1,1
usf3031_LMLO_L1_CL_M.jpg,4,0.68519,0.68566,0.68587,0,0,0,0.00722,0.00632,0.00581,1,1,1
usf3031_RMLO_L1_MS_B.jpg,2,0,0,0,0.94506,0.94898,0.95138,1,1,1,0.26163,0.25858,0.25661
usf3035_RCC_L1_MS_M.jpg,4,0.3223,0.32208,0.32185,0,0,0,0,0,0,1,1,1
usf3041_LCC_L1_CL_M.jpg,5,0,0,0,0.03197,0.03187,0.03176,0.08684,0.08632,0.08596,1,1,1
usf3042_LMLO_L1_MS_M.jpg,3,0,0,0,0.45852,0.45825,0.45811,0.34519,0.34355,0.34256,1,1,1
usf3045_LCC_L1_CL_M.jpg,4,0,0,0,0.00056,0.00053,0.00051,0.07284,0.07237,0.07207,1,1,1
usf3046_LMLO_L1_MS_M.jpg,4,0,0,0,0,0,0,0,0,0,1,1,1
usf3049_RMLO_L1_CL_B.jpg,4,0,0,0,0,0,0,0,0,0,1,1,1
usf3053_RCC_L2_MS_M.jpg,4,0,0,0,0,0,0,0.34414,0.34244,0.34137,1,1,1
usf3055_RCC_L1_CL_M.jpg,5,0.5978,0.59805,0.59808,0.39828,0.39806,0.39797,0.32719,0.32601,0.32535,1,1,1
usf3055_RMLO_L1_CL_M.jpg,5,0.14693,0.14669,0.14644,0,0,0,0.00401,0.00396,0.00391,1,1,1
usf3056_LCC_L1_MS_M.jpg,3,0,0,0,0,0,0,0.08426,0.08362,0.08322,1,1,1
usf3056_LMLO_L1_MS_M.jpg,3,0,0,0,0,0,0,0.00019,0.00018,0.00017,1,1,1
usf3057_RCC_L1_MS_M.jpg,4,0,0,0,0,0,0,0,0,0,1,1,1
usf3057_RMLO_L1_MS_M.jpg,4,0,0,0,0.1242,0.12389,0.12371,0.50005,0.49878,0.4981,1,1,1
usf3059_RMLO_L3_CL_M.jpg,5,0,0,0,0,0,0,0,0,0,1,1,1
usf3062_LCC_L1_MS_M.jpg,4,0.14886,0.14864,0.14839,0.00127,0.00121,0.00118,0.05955,0.05895,0.05853,1,1,1
usf3062_LMLO_L1_MS_M.jpg,3,0.06529,0.06498,0.06465,0.20478,0.20455,0.20437,0.25309,0.2521,0.25142,1,1,1
usf3064_LCC_L1_MS_M.jpg,4,0.73694,0.73723,0.73732,0.00039,0.00034,0.00032,0.18086,0.18019,0.17975,1,1,1
usf3064_LMLO_L1_MS_M.jpg,5,0,0,0,0.03883,0.03869,0.03856,0.03796,0.03749,0.03715,1,1,1
usf3067_RMLO_L1_MS_M.jpg,4,0,0,0,0.32904,0.32852,0.32828,0.77552,0.77422,0.77365,1,1,1
usf3068_RCC_L1_MS_M.jpg,4,0,0,0,0,0,0,0.06373,0.06304,0.06261,1,1,1
usf3069_RCC_L1_MS_M.jpg,3,0,0,0,0,0,0,0,0,0,1,1,1
usf3070_RMLO_L1_MS_M.jpg,4,0,0,0,0.19967,0.19976,0.1997,0.53277,0.53023,0.52883,1,1,1
usf3071_LCC_L1_MS_M.jpg,4,0.06368,0.06342,0.06315,0.00047,0.00046,0.00045,0.10126,0.10102,0.10083,1,1,1
usf3072_LMLO_L1_MS_M.jpg,3,0,0,0,0,0,0,0.00018,0.00013,0.00011,1,1,1
usf3074_RMLO_L1_MS_M.jpg,4,0,0,0,0,0,0,0,0,0,1,1,1
usf3075_RMLO_L2_CL_M.jpg,4,0,0,0,0,0,0,0.00274,0.00254,0.00242,1,1,1
usf3076_LCC_L2_CL_M.jpg,4,0.34636,0.34623,0.34603,0.00093,0.00088,0.00085,0.14823,0.1477,0.14736,1,1,1
usf3076_LMLO_L2_CL_M.jpg,4,0.26669,0.26662,0.26647,0,0,0,0.04106,0.04029,0.03981,1,1,1
usf3077_RMLO_L1_MS_M.jpg,5,0.68024,0.68056,0.68065,0,0,0,0.06689,0.06609,0.06559,1,1,1
usf3078_LMLO_L1_MS_M.jpg,4,0,0,0,0,0,0,0.22082,0.21944,0.21864,1,1,1
usf3078_RCC_L1_MS_B.jpg,3,0,0,0,0.17083,0.17048,0.17028,0.33406,0.33303,0.33248,1,1,1
usf3078_RMLO_L1_MS_B.jpg,3,0,0,0,0.1754,0.17524,0.17518,0.70177,0.70039,0.69967,1,1,1
usf3080_LCC_L1_MS_M.jpg,4,0.16095,0.16071,0.16046,0,0,0,0,0,0,1,1,1
usf3082_LCC_L1_CL_M.jpg,4,0,0,0,0.03492,0.03466,0.0345,0.12738,0.12672,0.12631,1,1,1
usf3083_RCC_L1_MS_M.jpg,1,0,0,0,0.76659,0.76657,0.76652,0.4822,0.48091,0.48018,1,1,1
usf3089_LCC_L1_MS_M.jpg,4,0.2,0.19976,0.19952,0,0,0,0,0,0,1,1,1
usf3106_RCC_L1_MS_M.jpg,4,0,0,0,0,0,0,0.00224,0.00212,0.00204,1,1,1
usf3109_RMLO_L1_MS_M.jpg,4,0.10083,0.10058,0.10033,0,0,0,0,0,0,1,1,1
usf3110_LMLO_L1_CL_B.jpg,4,0,0,0,0,0,0,0.00035,0.00026,0.00021,1,1,1
usf3116_RMLO_L1_MS_B.jpg,4,0,0,0,0,0,0,0.02445,0.02419,0.02402,1,1,1
usf3120_RMLO_L2_CL_B.jpg,4,0.53589,0.53581,0.53569,0,0,0,0.00289,0.00268,0.00254,1,1,1
usf3123_LCC_L1_MS_B.jpg,4,0,0,0,0,0,0,0.00003,0.00002,0.00002,1,1,1
usf3123_LMLO_L1_MS_B.jpg,3,0,0,0,0,0,0,0,0,0,1,1,1
usf3147_LMLO_L1_CL_B.jpg,4,0,0,0,0,0,0,0,0,0,1,1,1
usf3157_RCC_L1_MS_B.jpg,4,0.59204,0.59188,0.59171,0,0,0,0,0,0,1,1,1
usf3157_RMLO_L1_MS_B.jpg,4,0.06808,0.06784,0.06759,0,0,0,0.00125,0.00108,0.00098,1,1,1
usf3358_LCC_L1_CL_B.jpg,3,0,0,0,0,0,0,0.02802,0.0275,0.0272,1,1,1
usf3360_RCC_L1_MS_B.jpg,3,0,0,0,0.00141,0.00093,0.00078,1,1,1,0.21014,0.20819,0.20692
usf3360_RMLO_L1_MS_B.jpg,4,0,0,0,0.15719,0.15239,0.15087,1,1,1,0.50165,0.50292,0.50283
usf3363_RCC_L1_CL_B.jpg,4,0.80041,0.80037,0.80029,0,0,0,0.05143,0.0512,0.05103,1,1,1
usf3365_RMLO_L1_CL_B.jpg,4,0,0,0,0,0,0,0.01331,0.01312,0.013,1,1,1
usf3367_LCC_L1_CL_B.jpg,4,0,0,0,0,0,0,0,0,0,1,1,1
usf3367_LMLO_L1_CL_B.jpg,4,0,0,0,0,0,0,0,0,0,1,1,1
usf3368_LCC_L1_MS_B.jpg,3,0.14084,0.14067,0.14046,0,0,0,0.0394,0.03863,0.03816,1,1,1
usf3374_LMLO_L1_CL_M.jpg,4,0.50359,0.50341,0.50323,0,0,0,0.00015,0.00012,0.00011,1,1,1
usf3375_RMLO_L1_MS_M.jpg,4,0,0,0,0.03987,0.03964,0.0395,0.29494,0.29419,0.29377,1,1,1
usf3379_RCC_L1_MS_M.jpg,4,0,0,0,0.01473,0.01283,0.0122,0.19919,0.19681,0.19585,1,1,1
usf3379_RMLO_L1_MS_M.jpg,4,0,0,0,0,0,0,0.00573,0.00517,0.00485,1,1,1
usf3387_RCC_L1_MS_M.jpg,5,0,0,0,0.00002,0.00001,0.00001,0.13224,0.13156,0.13114,1,1,1
usf3390_LMLO_L1_MS_M.jpg,4,0,0,0,0,0,0,0.00207,0.00203,0.00199,1,1,1
usf3391_LMLO_L1_MS_M.jpg,4,0,0,0,0,0,0,0,0,0,1,1,1
usf3394_RMLO_L1_MS_M.jpg,4,0,0,0,0.0038,0.00329,0.0031,0.41461,0.41327,0.41255,1,1,1
usf3395_RCC_L1_MS_M.jpg,4,0,0,0,0,0,0,0.01296,0.01287,0.0128,1,1,1
usf3395_RMLO_L1_MS_M.jpg,4,0,0,0,0,0,0,0.19805,0.19737,0.19689,1,1,1
usf3397_LCC_L1_CL_M.jpg,5,0.11986,0.11964,0.11939,0,0,0,0.09075,0.09018,0.08981,1,1,1
usf3397_LMLO_L1_CL_M.jpg,5,0,0,0,0,0,0,0.10979,0.10872,0.10804,1,1,1
usf3400_LMLO_L1_CL_B.jpg,4,0,0,0,0,0,0,0.05392,0.05201,0.0509,1,1,1
usf3400_LMLO_L2_CL_B.jpg,4,0,0,0,0,0,0,0.00179,0.00173,0.00169,1,1,1
usf3402_RCC_L1_MS_M.jpg,4,1,1,1,0.03745,0.03622,0.03576,0.86695,0.86394,0.86264,0.69176,0.68953,0.68826
usf3403_RMLO_L1_MS_M.jpg,3,0,0,0,0.03713,0.03566,0.03506,0.31655,0.31456,0.31364,1,1,1
usf3405_RMLO_L1_MS_M.jpg,5,0,0,0,0,0,0,0,0,0,1,1,1
usf3418_LCC_L1_CL_B.jpg,4,0.1564,0.15617,0.1559,0,0,0,0.25266,0.25205,0.2516,1,1,1
usf3421_LMLO_L1_CL_B.jpg,4,0,0,0,0,0,0,0,0,0,1,1,1
usf3423_LCC_L1_CL_B.jpg,4,0.12814,0.12789,0.12764,0,0,0,0.0295,0.02935,0.02922,1,1,1
usf3425_LMLO_L1_MS_B.jpg,2,0,0,0,0,0,0,0.36025,0.35772,0.35609,1,1,1
usf3425_LMLO_L2_CL_B.jpg,2,0,0,0,0,0,0,0.98936,0.98892,0.9885,1,1,1
usf3426_LMLO_L1_CL_B.jpg,4,0,0,0,0.00001,0,0,1,1,1,0.74222,0.74179,0.74158
usf3433_LCC_L1_MS_B.jpg,4,0,0,0,0,0,0,0.17837,0.17771,0.17731,1,1,1
usf3433_LMLO_L1_MS_B.jpg,4,0,0,0,0,0,0,0.38599,0.38498,0.38435,1,1,1
usf3441_RMLO_L1_CL_M.jpg,3,0,0,0,0,0,0,0.13109,0.13049,0.13006,1,1,1
usf3443_RMLO_L1_MS_B.jpg,4,0,0,0,0,0,0,0,0,0,1,1,1
usf3460_LCC_L1_CL_B.jpg,4,0,0,0,0.05454,0.04633,0.04388,0.79326,0.78429,0.7813,1,1,1
usf3467_LCC_L1_CL_B.jpg,4,0,0,0,0.00001,0.00001,0.00001,1,1,1,0.69812,0.69629,0.69519
usf3470_LMLO_L1_CL_B.jpg,4,0,0,0,0,0,0,0.09639,0.09579,0.09541,1,1,1
usf3471_LMLO_L1_CL_B.jpg,4,0,0,0,0.00011,0.00008,0.00007,0.72188,0.72151,0.72125,1,1,1
usf3475_LCC_L1_MS_M.jpg,4,0,0,0,0,0,0,0,0,0,1,1,1
usf3475_LMLO_L1_MS_M.jpg,3,0,0,0,0.00014,0.0001,0.00009,0.19027,0.18941,0.18888,1,1,1
usf3476_LCC_L1_CL_M.jpg,4,0,0,0,0,0,0,0,0,0,1,1,1
usf3477_LMLO_L1_MS_M.jpg,4,0,0,0,0,0,0,0.25558,0.25478,0.2543,1,1,1
usf3478_LMLO_L1_MS_M.jpg,4,0,0,0,0,0,0,0.1737,0.16948,0.16707,1,1,1
usf3481_RMLO_L1_CL_B.jpg,2,0,0,0,0,0,0,0.9253,0.92401,0.92323,1,1,1
usf3483_RMLO_L1_MS_B.jpg,4,0,0,0,0.00186,0.00141,0.00125,1,1,1,0.55537,0.55463,0.55416
usf3490_RCC_L1_MS_B.jpg,3,0,0,0,0,0,0,0.13113,0.13026,0.12975,1,1,1
usf3490_RMLO_L1_MS_B.jpg,3,0,0,0,0,0,0,0.00589,0.00546,0.00524,1,1,1
usf3491_RCC_L1_MS_B.jpg,4,0,0,0,0.02722,0.02449,0.02365,0.49027,0.48703,0.48584,1,1,1
usf3491_RMLO_L1_MS_B.jpg,4,0,0,0,0.00293,0.00273,0.00265,0.39287,0.39012,0.38837,1,1,1
usf3492_LMLO_L1_MS_B.jpg,4,0,0,0,0,0,0,0.27131,0.26792,0.26592,1,1,1
usf3496_RCC_L2_CL_B.jpg,4,0,0,0,0.00005,0.00004,0.00003,0.02654,0.02627,0.02607,1,1,1
usf3499_LMLO_L1_CL_B.jpg,4,0,0,0,0,0,0,0,0,0,1,1,1
usf3501_RMLO_L1_MS_M.jpg,4,0.28702,0.28708,0.287,0,0,0,0.03358,0.0325,0.03191,1,1,1
usf3502_RCC_L1_CL_M.jpg,4,0,0,0,0,0,0,0,0,0,1,1,1
usf3502_RCC_L2_CL_M.jpg,4,0,0,0,0,0,0,0.00044,0.0004,0.00038,1,1,1
usf3503_LMLO_L1_MS_M.jpg,5,0,0,0,0,0,0,0.32365,0.32288,0.32239,1,1,1
usf3504_RCC_L1_MS_M.jpg,5,0,0,0,0,0,0,0.00144,0.00134,0.00127,1,1,1
usf3505_LMLO_L1_MS_M.jpg,4,0.26019,0.26054,0.26058,0,0,0,0.31605,0.31412,0.31301,1,1,1
usf3507_LCC_L2_CL_M.jpg,5,0.04882,0.04857,0.04832,0,0,0,0,0,0,1,1,1
usf3507_LMLO_L2_CL_M.jpg,5,0,0,0,0,0,0,0,0,0,1,1,1
usf3509_LCC_L2_CL_M.jpg,4,0,0,0,0,0,0,1,1,1,0.76081,0.76035,0.76005
usf3509_LMLO_L3_CL_M.jpg,4,0,0,0,0.00019,0.00013,0.00012,1,1,1,0.59139,0.59051,0.59003
usf3515_LCC_L1_MS_B.jpg,4,0,0,0,0,0,0,0.0295,0.02867,0.02813,1,1,1
usf3515_LMLO_L2_MS_B.jpg,4,0,0,0,0,0,0,0.20649,0.20513,0.20426,1,1,1
usf3515_RMLO_L2_CL_M.jpg,0,0,0,0,0,0,0,0.32192,0.31934,0.3177,1,1,1
usf3516_LCC_L1_CL_M.jpg,4,0,0,0,0.00001,0.00001,0.00001,1,1,1,0.69395,0.69382,0.69374
usf4003_LMLO_L1_MS_B.jpg,0,0,0,0,0,0,0,0.01199,0.0114,0.01101,1,1,1
usf4004_LCC_L1_MS_B.jpg,0,0.00072,0.00068,0.00063,0.02586,0.02574,0.02562,0.08179,0.08127,0.08083,1,1,1
usf4011_RMLO_L1_MS_B.jpg,0,0.15311,0.1518,0.1508,0.19244,0.19089,0.18969,1,1,1,0.69352,0.69208,0.69102
usf4016_LCC_L1_MS_B.jpg,0,0,0,0,0.00516,0.00511,0.00506,0.07084,0.07017,0.06968,1,1,1
usf4017_RCC_L1_MS_B.jpg,0,0.00001,0.00001,0.00001,0.00877,0.00869,0.00862,0.12901,0.12842,0.12794,1,1,1
usf4017_RMLO_L1_MS_B.jpg,0,0.0072,0.00652,0.00603,0.20929,0.20812,0.20722,0.49979,0.49882,0.49812,1,1,1
usf4018_RCC_L1_MS_B.jpg,0,0.00003,0.00003,0.00003,0.00885,0.00879,0.00872,0.39683,0.39482,0.39339,1,1,1
usf4018_RMLO_L1_MS_B.jpg,0,0,0,0,0.02608,0.02568,0.02532,0.3908,0.38989,0.38924,1,1,1
usf4023_RMLO_L1_MS_B.jpg,0,0,0,0,0,0,0,0.09774,0.09676,0.09605,1,1,1
usf4024_LCC_L1_MS_B.jpg,0,0,0,0,0,0,0,0.28759,0.28162,0.27765,1,1,1
usf4028_LCC_L1_MS_B.jpg,0,0,0,0,0,0,0,0.19682,0.19165,0.18808,1,1,1
usf4029_RCC_L1_MS_B.jpg,0,0.51971,0.51688,0.51471,0.36176,0.35799,0.3552,0.7258,0.7242,0.72302,1,1,1
usf4029_RMLO_L1_MS_B.jpg,0,0.12801,0.1269,0.12602,0.26987,0.26864,0.26766,0.50993,0.5076,0.50589,1,1,1
usf4033_LMLO_L1_MS_B.jpg,0,0,0,0,0.00593,0.00587,0.00581,0.3105,0.30913,0.30813,1,1,1
usf4035_RCC_L1_MS_B.jpg,0,0,0,0,0,0,0,0.39217,0.38721,0.38372,1,1,1
usf4035_RMLO_L1_MS_B.jpg,0,0.22033,0.21745,0.2153,0.34197,0.33919,0.3371,1,1,1,0.65849,0.65734,0.65652
usf4040_RCC_L1_MS_B.jpg,0,0,0,0,0,0,0,0.00262,0.00239,0.00225,1,1,1
usf4042_LCC_L1_MS_B.jpg,0,0,0,0,0,0,0,0.00698,0.00689,0.00682,1,1,1
usf4045_LCC_L1_MS_B.jpg,0,0.02714,0.02615,0.02542,0.10077,0.09962,0.09875,0.31783,0.31663,0.31573,1,1,1
usf4047_LCC_L1_MS_B.jpg,0,0,0,0,0,0,0,0.00042,0.00037,0.00034,1,1,1
usf4048_LCC_L1_MS_B.jpg,0,0.18586,0.18414,0.18296,0.1705,0.16838,0.16688,0.46262,0.46144,0.4606,1,1,1
usf4050_LMLO_L1_CL_B.jpg,0,0.12596,0.12577,0.12553,0.06515,0.06496,0.06479,1,1,1,0.56966,0.56884,0.56813
usf4055_LMLO_L1_MS_B.jpg,0,0.03232,0.0319,0.03155,0.06928,0.06874,0.0683,0.38517,0.3836,0.38253,1,1,1
usf4066_RCC_L1_MS_B.jpg,0,0.00004,0.00004,0.00003,0.00806,0.00801,0.00795,0.12107,0.11958,0.11854,1,1,1
usf4067_RCC_L1_MS_B.jpg,0,0.07355,0.07334,0.07312,0,0,0,0.00197,0.00194,0.0019,1,1,1
usf4068_RMLO_L1_MS_B.jpg,0,0,0,0,0,0,0,0.73269,0.72924,0.72685,1,1,1
usf4078_LCC_L1_MS_B.jpg,0,0,0,0,0,0,0,1,1,1,0.55541,0.55356,0.55243
usf4078_LMLO_L1_MS_B.jpg,0,0,0,0,0,0,0,0.2879,0.28247,0.27892,1,1,1
usf4082_LMLO_L1_MS_B.jpg,3,0.1348,0.13501,0.13508,0,0,0,0.28321,0.28075,0.27895,1,1,1
usf4084_LMLO_L1_MS_B.jpg,0,0.08661,0.08639,0.08617,0,0,0,0,0,0,1,1,1
usf4087_RCC_L1_MS_M.jpg,0,0.82284,0.8233,0.8234,0.16542,0.16424,0.16328,1,1,1,0.59735,0.59641,0.59567
usf4089_LCC_L1_MS_B.jpg,0,0.15527,0.15367,0.15245,0.13941,0.13752,0.13606,0.30828,0.30715,0.30626,1,1,1
usf4092_LMLO_L1_MS_B.jpg,0,0,0,0,0,0,0,0.00771,0.00762,0.00756,1,1,1
usf4093_LMLO_L1_MS_M.jpg,0,0,0,0,0.00115,0.00113,0.00111,1,1,1,0.97556,0.97544,0.9754
usf4095_LCC_L1_MS_B.jpg,0,0,0,0,0.00007,0.00007,0.00007,0.02429,0.02365,0.02322,1,1,1
usf4096_RCC_L1_MS_M.jpg,0,0.81215,0.81208,0.81201,0,0,0,0,0,0,1,1,1
usf4096_RMLO_L1_MS_M.jpg,0,0.36439,0.36446,0.36444,0,0,0,0.10036,0.0995,0.09889,1,1,1
usf4100_RMLO_L1_CL_B.jpg,0,0,0,0,0.00007,0.00006,0.00006,0.16187,0.16142,0.16105,1,1,1
usf4101_LCC_L1_MS_M.jpg,3,0,0,0,0.00001,0,0,0.98047,0.97985,0.97929,1,1,1
usf4102_RCC_L1_MS_M.jpg,5,0.02184,0.02158,0.02132,0.03244,0.03226,0.0321,0.15989,0.15927,0.15879,1,1,1
usf4103_RCC_L1_CL_M.jpg,3,0.08164,0.08143,0.0812,0.00364,0.00341,0.00326,0.13112,0.13042,0.12993,1,1,1
usf4103_RMLO_L1_CL_M.jpg,3,0.41152,0.41137,0.4112,0,0,0,0.00854,0.00839,0.00829,1,1,1
usf4105_RCC_L1_CL_M.jpg,3,0.41315,0.41309,0.41296,0.00025,0.00023,0.00021,0.23724,0.23656,0.23603,1,1,1
usf4106_LMLO_L1_MS_M.jpg,5,0,0,0,0,0,0,0.24834,0.2454,0.24331,1,1,1
usf4107_RCC_L1_MS_M.jpg,3,0.10483,0.104,0.10333,0.04419,0.04306,0.0422,0.15074,0.15004,0.14949,1,1,1
usf4108_LMLO_L1_MS_M.jpg,5,0.24127,0.24148,0.24156,0.00001,0.00001,0.00001,0.16287,0.16115,0.1599,1,1,1
usf4111_LMLO_L1_MS_M.jpg,3,0,0,0,0,0,0,0.05679,0.05518,0.05407,1,1,1
usf4114_LMLO_L1_MS_M.jpg,3,0.00051,0.00041,0.00035,0.23583,0.23563,0.23537,0.59774,0.59608,0.59486,1,1,1
usf4117_LMLO_L1_CL_M.jpg,3,0,0,0,0,0,0,0.19884,0.19785,0.19714,1,1,1
usf4123_RMLO_L1_CL_M.jpg,3,0,0,0,0,0,0,0.01043,0.00995,0.00962,1,1,1
usf4125_LCC_L1_MS_M.jpg,3,0.08661,0.08639,0.08617,0,0,0,0,0,0,1,1,1
usf4125_LMLO_L1_MS_M.jpg,3,0,0,0,0,0,0,0,0,0,1,1,1
usf4125_RCC_L1_MS_M.jpg,3,0.57368,0.57353,0.57339,0,0,0,0,0,0,1,1,1
usf4127_RMLO_L1_CL_M.jpg,3,0,0,0,0.00002,0.00002,0.00001,0.1382,0.13694,0.13597,1,1,1
usf4128_LMLO_L1_MS_M.jpg,3,0,0,0,0,0,0,0,0,0,1,1,1
usf4129_RMLO_L1_MS_M.jpg,3,0.32313,0.32295,0.32272,0.08778,0.08758,0.08739,0.39347,0.39296,0.39258,1,1,1
usf4130_LCC_L1_CL_M.jpg,3,0.208,0.2078,0.2076,0.0004,0.00036,0.00034,0.07719,0.07688,0.07662,1,1,1
usf4133_RCC_L1_MS_M.jpg,3,1,1,1,0.35718,0.35586,0.3548,0.4711,0.47023,0.46965,0.92766,0.92789,0.92823
usf4133_RMLO_L1_MS_M.jpg,3,0.55572,0.55587,0.5559,0,0,0,0.20852,0.20772,0.20708,1,1,1
usf4135_RCC_L1_MS_M.jpg,3,0,0,0,0,0,0,0,0,0,1,1,1
usf4139_LCC_L1_MS_M.jpg,3,0.00017,0.00016,0.00015,0.01922,0.01909,0.01897,0.27635,0.2756,0.27506,1,1,1
usf4139_LMLO_L1_MS_M.jpg,3,0,0,0,0.0149,0.0147,0.01455,0.4434,0.44254,0.44195,1,1,1
usf4144_LCC_L1_CL_M.jpg,3,0.4469,0.44677,0.44662,0,0,0,0.00336,0.00321,0.00311,1,1,1
usf4146_LCC_L1_MS_M.jpg,0,0,0,0,0.00629,0.00624,0.0062,0.2418,0.24076,0.24005,1,1,1
usf4146_LMLO_L1_MS_M.jpg,0,0,0,0,0,0,0,0.00006,0.00004,0.00003,1,1,1
usf4148_RCC_L1_MS_M.jpg,0,0.00142,0.00131,0.00123,0.04452,0.04441,0.04428,1,1,1,0.3897,0.38684,0.3849
usf4150_RMLO_L1_MS_M.jpg,0,0,0,0,0,0,0,0.19769,0.19658,0.19574,1,1,1
usf4151_RCC_L1_CL_M.jpg,0,0.7768,0.77578,0.77497,0.12956,0.12809,0.12694,0.26216,0.26144,0.26084,1,1,1
usf4152_RMLO_L1_CL_M.jpg,0,0,0,0,0,0,0,0.01867,0.01854,0.01844,1,1,1
usf4156_RCC_L1_CL_M.jpg,0,0.00058,0.00056,0.00053,0.01901,0.01893,0.01885,0.26374,0.25984,0.25697,1,1,1
usf4157_LCC_L1_CL_M.jpg,0,0.00009,0.00008,0.00008,0.0246,0.02438,0.02416,1,1,1,0.18192,0.18017,0.17892
usf4157_LMLO_L1_CL_M.jpg,0,0.00548,0.00532,0.00517,0.04354,0.04313,0.04277,1,1,1,0.05944,0.05849,0.05777
usf4158_LCC_L1_CL_M.jpg,0,0.56408,0.56396,0.56383,0,0,0,0.00154,0.00145,0.00138,1,1,1
usf4164_LMLO_L1_CL_B.jpg,0,0,0,0,0.00241,0.00238,0.00234,0.55599,0.55331,0.55123,1,1,1
usf4175_RMLO_L1_MS_M.jpg,3,0.0012,0.00111,0.00105,0.04202,0.04204,0.04202,0.61736,0.61428,0.61217,1,1,1
usf4182_LCC_L1_CL_M.jpg,3,0.07662,0.07639,0.07616,0.01003,0.00996,0.00989,0.1397,0.13922,0.13883,1,1,1
usf4182_LMLO_L1_CL_M.jpg,3,0.00765,0.00733,0.00714,0.08228,0.08179,0.08145,0.3888,0.38763,0.38681,1,1,1
usf4183_LCC_L1_CL_M.jpg,3,0.04285,0.04226,0.04176,0.03084,0.03033,0.02996,0.22803,0.22742,0.22695,1,1,1
usf4185_RCC_L1_MS_M.jpg,5,0.30531,0.30521,0.30507,0,0,0,0.03749,0.037,0.03662,1,1,1
usf4185_RMLO_L1_MS_M.jpg,5,0.00022,0.0002,0.00018,0.02288,0.02274,0.02262,0.27946,0.27817,0.27724,1,1,1
usf4188_LCC_L1_CL_M.jpg,0,0,0,0,0,0,0,0.44493,0.44223,0.44033,1,1,1
usf4188_LMLO_L1_CL_M.jpg,0,0.1223,0.12024,0.1187,0.46621,0.46458,0.46327,0.95,0.94912,0.94842,1,1,1
usf4189_LMLO_L1_CL_M.jpg,0,0.115,0.11189,0.10951,0.50056,0.49929,0.49823,1,1,1,0.72256,0.72201,0.72175
usf4196_RCC_L1_CL_B.jpg,0,0,0,0,0,0,0,0,0,0,1,1,1
usf4199_RMLO_L1_CL_M.jpg,0,0.19223,0.18748,0.18371,0.40774,0.40334,0.39978,0.54692,0.54498,0.54339,1,1,1
